Team_Year,Games,Wins,Losses,Fumbles_Recovered,Defensive_Rank,Defensive_Plays,Yards_Allowed,Total_TDs_Allowed,Avg_Sacks_Per_Game,Offensive_Rank
Akron (MAC)_2013,12,5,7,6,59,865,4764,44,2.25,106
Alabama (SEC)_2013,13,11,2,8,5,771,3725,23,1.31,33
Arizona (Pac-12)_2013,13,8,5,4,62,991,5214,39,1.31,31
Arizona St. (Pac-12)_2013,14,10,4,12,42,942,5213,48,2.93,32
Arkansas (SEC)_2013,12,3,9,6,76,814,4961,49,0.67,99
Arkansas St. (Sun Belt)_2013,13,8,5,12,74,929,5370,43,2.23,65
Army West Point (FBS Independent)_2013,12,3,9,9,71,753,4930,49,1.42,79
Auburn (SEC)_2013,14,12,2,6,86,989,5890,41,1.29,11
Ball St. (MAC)_2013,13,10,3,18,77,965,5380,39,1.23,19
Baylor (Big 12)_2013,13,11,2,10,28,986,4684,41,1.69,1
Boston College (ACC)_2013,13,7,6,11,92,941,5577,48,1.69,92
Bowling Green (MAC)_2013,14,10,4,13,10,890,4500,29,2.93,29
Buffalo (MAC)_2013,13,8,5,14,49,890,4976,40,1.54,77
BYU (FBS Independent)_2013,13,8,5,10,47,1028,4925,33,2.92,14
California (Pac-12)_2013,12,1,11,8,122,898,6355,72,3,34
Central Mich. (MAC)_2013,12,6,6,8,66,831,4862,43,2.58,108
Cincinnati (AAC)_2013,13,9,4,8,9,861,4103,34,1.31,23
Clemson (ACC)_2013,13,11,2,12,25,921,4637,37,2.69,10
Colorado (Pac-12)_2013,12,4,8,11,106,924,5616,58,1.67,87
Duke (ACC)_2013,14,10,4,8,82,1033,5852,48,1.21,47
East Carolina (C-USA)_2013,13,10,3,6,36,979,4794,39,2.31,25
Eastern Mich. (MAC)_2013,12,2,10,4,118,806,6130,71,2.33,109
FIU (C-USA)_2013,12,1,11,7,94,784,5156,57,4.33,123
Fla. Atlantic (C-USA)_2013,12,6,6,6,11,801,3911,32,2.17,82
Florida (SEC)_2013,12,4,8,8,8,712,3771,27,2.25,113
Florida St. (ACC)_2013,14,14,0,9,3,963,3940,21,2.36,6
Georgia (SEC)_2013,13,8,5,8,45,902,4882,47,1.69,17
Georgia Tech (ACC)_2013,13,7,6,6,27,849,4683,38,1.08,44
Houston (AAC)_2013,13,8,5,18,79,1034,5405,34,2.23,55
Idaho (FBS Independent)_2013,12,1,11,9,121,917,6353,76,4.42,90
Illinois (Big Ten)_2013,12,4,8,8,110,867,5778,55,2.5,46
Indiana (Big Ten)_2013,12,5,7,10,120,940,6335,63,1.5,9
Iowa (Big Ten)_2013,13,8,5,8,6,861,3940,30,1.15,84
Iowa St. (Big 12)_2013,12,3,9,13,105,918,5557,56,3.17,96
Kansas (Big 12)_2013,12,3,9,10,96,892,5191,48,2.5,117
Kansas St. (Big 12)_2013,13,8,5,8,26,919,4665,35,2,71
Kent St. (MAC)_2013,12,4,8,4,70,813,4919,40,1.17,88
Kentucky (SEC)_2013,12,2,10,12,91,819,5126,49,3.08,107
La.-Monroe (Sun Belt)_2013,12,6,6,6,90,880,5122,46,2.25,98
Louisiana (Sun Belt)_2013,13,9,4,9,56,888,5116,43,2.08,56
Louisiana Tech (C-USA)_2013,12,4,8,8,69,925,4899,39,2.5,94
Louisville (AAC)_2013,13,12,1,11,1,779,3269,18,2,28
LSU (SEC)_2013,13,10,3,8,15,872,4429,32,1.92,35
Marshall (C-USA)_2013,14,10,4,8,35,1053,5160,40,1.86,12
Maryland (ACC)_2013,13,7,6,10,44,957,4867,38,2.08,75
Massachusetts (MAC)_2013,12,1,11,11,98,788,5199,50,1.33,120
Memphis (AAC)_2013,12,3,9,7,39,857,4448,37,2.33,116
Miami (FL) (ACC)_2013,13,9,4,9,89,964,5543,43,1.31,48
Miami (OH) (MAC)_2013,12,0,12,8,113,915,5811,55,4.17,122
Michigan (Big Ten)_2013,13,7,6,9,41,912,4829,40,2.77,86
Michigan St. (Big Ten)_2013,14,13,1,11,2,873,3531,21,1.21,80
Middle Tenn. (C-USA)_2013,13,8,5,18,63,987,5235,43,1.23,66
Minnesota (Big Ten)_2013,13,8,5,9,43,858,4852,36,2.08,105
Mississippi St. (SEC)_2013,13,7,6,11,18,833,4541,36,1.77,42
Missouri (SEC)_2013,14,12,2,12,81,1080,5848,39,1.93,16
Navy (FBS Independent)_2013,13,9,4,9,57,908,5132,41,1.38,61
NC State (ACC)_2013,12,3,9,9,61,814,4793,48,3,70
Nebraska (Big Ten)_2013,13,9,4,4,40,926,4820,38,1.31,58
New Mexico St. (FBS Independent)_2013,12,2,10,10,123,862,6594,71,2.08,81
North Carolina (ACC)_2013,13,7,6,7,64,993,5241,38,1.62,49
North Texas (C-USA)_2013,13,9,4,16,17,881,4528,30,0.85,63
Northern Ill. (MAC)_2013,14,12,2,11,78,1068,5808,43,0.79,5
Northwestern (Big Ten)_2013,12,5,7,4,88,930,5082,40,3,73
Notre Dame (FBS Independent)_2013,13,9,4,4,31,930,4760,34,0.62,67
Ohio (MAC)_2013,13,7,6,8,67,918,5276,46,1.46,83
Ohio St. (Big Ten)_2013,14,12,2,8,46,1000,5284,42,1.57,7
Oklahoma (Big 12)_2013,13,11,2,8,20,846,4552,36,1.15,52
Oklahoma St. (Big 12)_2013,13,10,3,12,52,1049,5004,33,1.08,37
Ole Miss ()_2013,13,8,5,9,38,917,4816,38,2.08,21
Oregon (Pac-12)_2013,13,11,2,11,37,1042,4811,32,1.38,2
Oregon St. (Pac-12)_2013,13,7,6,10,100,924,5676,51,1.92,26
Penn St. (Big Ten)_2013,12,7,5,7,48,864,4576,38,1.83,43
Pittsburgh (ACC)_2013,13,7,6,8,34,865,4778,43,3.31,97
Purdue (Big Ten)_2013,12,1,11,6,104,886,5519,61,3.17,119
Rice (C-USA)_2013,14,10,4,12,30,957,5097,43,2.64,68
Rutgers (AAC)_2013,13,6,7,10,73,944,5366,49,2.69,95
SMU (AAC)_2013,12,5,7,6,72,887,4951,54,3.17,41
South Alabama (Sun Belt)_2013,12,6,6,7,50,820,4611,36,1.42,50
South Carolina (SEC)_2013,13,11,2,12,19,833,4550,32,1.77,36
South Fla. (AAC)_2013,12,2,10,13,21,777,4209,43,2.75,121
Southern California (Pac-12)_2013,14,10,4,5,13,942,4693,39,2.43,72
Southern Miss. (C-USA)_2013,12,1,11,13,99,890,5226,68,3,114
Stanford (Pac-12)_2013,14,11,3,6,16,989,4804,31,1.14,69
Syracuse (ACC)_2013,13,7,6,9,33,897,4773,42,1.38,85
TCU (Big 12)_2013,12,4,8,9,24,886,4277,33,1.92,104
Temple (AAC)_2013,12,2,10,10,108,888,5683,42,2.67,74
Tennessee (SEC)_2013,12,5,7,11,83,827,5021,46,1.25,102
Texas (Big 12)_2013,13,8,5,16,68,966,5294,39,1.23,64
Texas A&M (SEC)_2013,13,9,4,5,109,973,6185,55,1.62,4
Texas St. (Sun Belt)_2013,12,6,6,8,58,880,4760,41,1.75,111
Texas Tech (Big 12)_2013,13,8,5,11,84,1015,5441,51,2.54,8
Toledo (MAC)_2013,12,7,5,12,87,870,5061,45,0.5,39
Troy (Sun Belt)_2013,12,6,6,5,112,869,5798,58,1.67,27
Tulane (C-USA)_2013,13,7,6,16,22,931,4577,33,2.46,115
Tulsa (C-USA)_2013,12,3,9,9,93,934,5155,52,0.83,100
UAB (C-USA)_2013,12,2,10,7,116,829,5974,71,2.17,78
UCF (AAC)_2013,13,12,1,12,29,879,4706,36,1.69,40
UCLA (Pac-12)_2013,13,10,3,12,54,990,5032,37,2.77,38
UConn (AAC)_2013,12,3,9,11,51,836,4615,46,3.5,112
Utah (Pac-12)_2013,12,5,7,12,60,887,4772,41,1.92,76
UTEP (C-USA)_2013,12,2,10,9,107,756,5620,62,2.25,103
Vanderbilt (SEC)_2013,13,9,4,11,23,909,4612,40,2.54,93
Virginia (ACC)_2013,12,2,10,11,65,856,4843,51,2,89
Virginia Tech (ACC)_2013,13,8,5,7,4,810,3687,31,2.54,101
Wake Forest (ACC)_2013,12,4,8,9,32,878,4394,36,2.08,118
Washington (Pac-12)_2013,13,9,4,7,55,1015,5051,37,2.31,13
Washington St. (Pac-12)_2013,13,6,7,14,102,1006,5954,52,2.46,54
West Virginia (Big 12)_2013,12,4,8,16,101,920,5460,48,2.33,62
Western Ky. (Sun Belt)_2013,12,8,4,7,14,763,4070,37,1.67,30
Western Mich. (MAC)_2013,12,1,11,10,85,865,5030,55,1.83,110
Wisconsin (Big Ten)_2013,13,9,4,11,7,839,3966,25,1.23,18
Akron (MAC)_2014,12,5,7,11,44,859,4453,35,2,88
Alabama (SEC)_2014,14,12,2,9,12,945,4598,27,1.14,17
Arizona (Pac-12)_2014,14,10,4,13,103,1115,6314,49,2.86,25
Arizona St. (Pac-12)_2014,13,10,3,13,81,964,5422,46,3,34
Arkansas (SEC)_2014,13,7,6,12,10,821,4204,33,1.08,60
Arkansas St. (Sun Belt)_2014,13,7,6,12,83,975,5476,54,2.38,20
Army West Point (FBS Independent)_2014,12,4,8,4,90,798,5170,50,1.33,102
Auburn (SEC)_2014,13,8,5,5,64,914,5185,45,1.15,16
Ball St. (MAC)_2014,12,5,7,14,86,877,5146,42,1.08,92
Baylor (Big 12)_2014,13,11,2,13,50,941,4964,43,1.85,1
Boston College (ACC)_2014,13,7,6,5,11,822,4215,34,1.62,80
Bowling Green (MAC)_2014,14,8,6,17,115,1156,6910,62,2,41
Buffalo (MAC)_2014,11,5,6,13,62,746,4375,47,1.45,38
BYU (FBS Independent)_2014,13,8,5,12,56,1032,5090,44,2.77,26
California (Pac-12)_2014,12,5,7,5,121,980,6141,63,2.33,13
Central Mich. (MAC)_2014,13,7,6,8,29,849,4621,40,2.15,67
Cincinnati (AAC)_2014,13,9,4,16,96,955,5708,42,1.38,27
Clemson (ACC)_2014,13,10,3,12,1,841,3390,27,2.08,58
Colorado (Pac-12)_2014,12,2,10,8,111,845,5532,60,1.92,37
Duke (ACC)_2014,13,9,4,10,67,985,5196,34,1,66
East Carolina (AAC)_2014,13,8,5,5,37,937,4775,41,2.46,5
Eastern Mich. (MAC)_2014,12,2,10,6,118,887,5985,65,2.92,121
FIU (C-USA)_2014,12,4,8,19,35,812,4365,37,3.33,120
Fla. Atlantic (C-USA)_2014,12,3,9,7,110,887,5529,53,1.75,101
Florida (SEC)_2014,12,7,5,14,15,869,3957,30,1.42,93
Florida St. (ACC)_2014,14,13,1,12,61,1008,5557,44,1.64,35
Georgia (SEC)_2014,13,10,3,13,17,905,4384,36,1.31,28
Georgia St. (Sun Belt)_2014,12,1,11,5,116,908,5965,67,2.58,85
Georgia Tech (ACC)_2014,14,11,3,11,79,911,5758,44,0.79,19
Houston (AAC)_2014,13,8,5,11,20,915,4464,33,2.62,55
Idaho (Sun Belt)_2014,11,1,10,9,112,734,5090,54,3.73,53
Illinois (Big Ten)_2014,13,6,7,12,109,987,5933,56,2.85,94
Indiana (Big Ten)_2014,12,4,8,4,93,890,5205,48,2.17,61
Iowa (Big Ten)_2014,13,7,6,3,22,847,4475,41,1.69,63
Iowa St. (Big 12)_2014,12,2,10,6,125,972,6347,58,2.5,89
Kansas (Big 12)_2014,12,3,9,12,106,865,5438,47,2.42,115
Kansas St. (Big 12)_2014,13,9,4,6,41,879,4801,39,2.38,47
Kent St. (MAC)_2014,11,2,9,9,88,823,4733,39,1.64,116
Kentucky (SEC)_2014,12,5,7,8,75,888,4883,48,2.83,79
La.-Monroe (Sun Belt)_2014,12,4,8,5,47,844,4479,41,3.67,106
Louisiana (Sun Belt)_2014,13,9,4,10,72,898,5276,43,1.77,54
Louisiana Tech (C-USA)_2014,14,9,5,16,34,1028,5075,41,1.36,62
Louisville (ACC)_2014,13,9,4,4,6,845,4011,31,3.15,69
LSU (SEC)_2014,13,8,5,10,9,845,4119,27,1.92,77
Marshall (C-USA)_2014,14,13,1,9,31,1056,4999,36,1.5,2
Maryland (Big Ten)_2014,13,7,6,13,95,1040,5671,46,2.85,109
Massachusetts (MAC)_2014,12,3,9,5,101,934,5370,51,2.33,48
Memphis (AAC)_2014,13,10,3,14,27,959,4544,32,1.23,46
Miami (FL) (ACC)_2014,13,6,7,13,14,895,4285,40,1.62,44
Miami (OH) (MAC)_2014,12,2,10,11,94,864,5211,50,3.58,85
Michigan (Big Ten)_2014,12,5,7,5,7,783,3736,31,2.17,112
Michigan St. (Big Ten)_2014,13,11,2,16,8,807,4105,36,0.85,11
Middle Tenn. (C-USA)_2014,12,6,6,7,105,927,5427,48,2.17,43
Minnesota (Big Ten)_2014,13,8,5,15,39,882,4786,40,1.62,103
Mississippi St. (SEC)_2014,13,10,3,7,84,977,5517,35,1.77,8
Missouri (SEC)_2014,14,11,3,13,23,1005,4850,36,1.64,95
Navy (FBS Independent)_2014,13,8,5,5,70,901,5250,45,1.62,50
NC State (ACC)_2014,13,8,5,10,46,926,4850,44,2.23,57
Nebraska (Big Ten)_2014,13,9,4,10,52,929,4988,44,1.69,31
New Mexico St. (Sun Belt)_2014,12,2,10,10,113,893,5813,61,0.83,49
North Carolina (ACC)_2014,13,6,7,11,117,991,6472,67,2.15,45
North Texas (C-USA)_2014,12,4,8,10,42,809,4433,48,2.08,114
Northern Ill. (MAC)_2014,14,11,3,10,57,997,5483,45,1,36
Northwestern (Big Ten)_2014,12,5,7,12,53,878,4611,39,2.83,104
Notre Dame (FBS Independent)_2014,13,8,5,7,71,938,5254,49,2.15,32
Ohio (MAC)_2014,12,6,6,7,59,848,4732,38,1.92,91
Ohio St. (Big Ten)_2014,15,14,1,8,19,1032,5136,43,1.87,9
Oklahoma (Big 12)_2014,13,8,5,7,51,968,4974,43,0.69,23
Oklahoma St. (Big 12)_2014,13,7,6,2,91,970,5616,51,3.08,82
Ole Miss ()_2014,13,9,4,10,13,915,4277,24,2.38,51
Oregon (Pac-12)_2014,15,13,2,21,87,1168,6445,43,2.07,3
Oregon St. (Pac-12)_2014,12,5,7,7,74,847,4875,47,3,72
Penn St. (Big Ten)_2014,13,7,6,5,2,849,3623,27,3.38,111
Pittsburgh ()_2014,13,6,7,4,33,837,4677,45,1.62,40
Purdue (Big Ten)_2014,12,3,9,9,80,894,4992,48,2,108
Rice (C-USA)_2014,13,8,5,11,54,874,5017,48,2.15,65
Rutgers (Big Ten)_2014,13,8,5,11,98,901,5756,51,1.46,73
SMU (AAC)_2014,12,1,11,10,119,905,5993,63,4,124
South Alabama (Sun Belt)_2014,13,6,7,15,65,927,5186,43,2.38,84
South Carolina (SEC)_2014,13,7,6,8,92,904,5625,48,2.08,33
South Fla. (AAC)_2014,12,4,8,14,69,849,4833,41,1.92,118
Southern California (Pac-12)_2014,13,9,4,9,76,1001,5303,42,2.46,29
Southern Miss. (C-USA)_2014,12,3,9,9,104,845,5417,56,3,97
Stanford (Pac-12)_2014,13,8,5,4,3,873,3671,26,1.77,75
Syracuse (ACC)_2014,12,3,9,12,26,838,4190,33,2,113
TCU (Big 12)_2014,13,12,1,14,18,953,4443,28,1.77,5
Temple (AAC)_2014,12,6,6,19,24,876,4165,24,1.75,117
Tennessee (SEC)_2014,13,7,6,8,36,892,4740,41,3.31,90
Texas (Big 12)_2014,13,6,7,7,25,968,4531,39,2.23,110
Texas A&M (SEC)_2014,13,8,5,8,102,992,5860,45,2.08,30
Texas St. (Sun Belt)_2014,12,7,5,6,99,938,5353,42,2.17,24
Texas Tech (Big 12)_2014,12,4,8,9,122,986,6152,63,1.08,10
Toledo (MAC)_2014,13,9,4,4,76,912,5303,51,1.31,15
Troy (Sun Belt)_2014,12,3,9,7,107,854,5448,56,1.92,100
Tulane (AAC)_2014,12,3,9,11,55,824,4654,41,2.08,107
Tulsa (AAC)_2014,12,2,10,7,114,841,5841,62,2.08,56
UAB (C-USA)_2014,12,6,6,10,73,858,4873,49,2.33,42
UCF (AAC)_2014,13,9,4,10,5,869,3881,29,2.15,99
UCLA (Pac-12)_2014,13,10,3,5,63,1002,5181,45,3.15,22
UConn (AAC)_2014,12,2,10,7,49,871,4543,45,2.5,123
Utah (Pac-12)_2014,13,9,4,9,58,957,5115,40,2.38,76
UTEP (C-USA)_2014,13,7,6,10,38,760,4785,49,1,105
UTSA (C-USA)_2014,12,4,8,10,43,848,4436,36,2.42,119
Vanderbilt (SEC)_2014,12,3,9,7,68,844,4825,50,1.75,122
Virginia (ACC)_2014,12,5,7,14,28,825,4238,36,1.33,87
Virginia Tech (ACC)_2014,13,7,6,10,21,868,4469,30,2.62,96
Wake Forest (ACC)_2014,12,3,9,13,40,849,4431,38,4,125
Washington (Pac-12)_2014,14,8,6,16,78,1068,5749,41,2,74
Washington St. (Pac-12)_2014,12,3,9,5,97,859,5307,59,3,7
West Virginia (Big 12)_2014,13,7,6,2,66,957,5192,42,2.38,12
Western Ky. (C-USA)_2014,13,8,5,10,120,996,6629,70,1.46,4
Western Mich. (MAC)_2014,13,8,5,10,45,882,4825,40,1.85,39
Wisconsin (Big Ten)_2014,14,11,3,11,4,839,4117,35,0.93,21
Akron (MAC)_2015,13,8,5,14,15,888,4310,37,1.23,104
Alabama (SEC)_2015,15,14,1,8,3,963,4145,26,1.67,45
Appalachian St. (Sun Belt)_2015,13,11,2,6,11,871,4088,29,0.85,26
Arizona (Pac-12)_2015,13,7,6,5,114,1024,6069,60,2.38,16
Arizona St. (Pac-12)_2015,13,6,7,6,112,967,6029,55,3,24
Arkansas (SEC)_2015,13,8,5,7,58,839,5091,44,1.08,29
Arkansas St. (Sun Belt)_2015,13,9,4,8,88,947,5450,52,1.92,37
Army West Point (FBS Independent)_2015,12,2,10,5,47,742,4507,40,1.25,108
Auburn (SEC)_2015,13,7,6,5,71,981,5267,39,1.46,94
Ball St. (MAC)_2015,12,3,9,9,121,920,6216,56,0.92,90
Baylor (Big 12)_2015,13,10,3,12,62,994,5155,49,1.15,1
Boston College (ACC)_2015,12,3,9,10,1,750,3052,19,2.33,125
Bowling Green (MAC)_2015,14,10,4,7,86,1084,5849,50,2.57,4
Buffalo (MAC)_2015,12,5,7,7,81,876,4961,43,1.33,71
BYU (FBS Independent)_2015,13,9,4,7,23,918,4494,38,2.62,49
California (Pac-12)_2015,13,8,5,12,108,967,5898,48,2.08,8
Central Mich. (MAC)_2015,13,7,6,11,16,841,4319,37,2.15,63
Cincinnati (AAC)_2015,13,7,6,5,78,917,5312,51,2,6
Clemson (ACC)_2015,15,14,1,9,10,968,4695,41,1.2,11
Colorado (Pac-12)_2015,13,4,9,8,85,948,5420,44,3.15,67
Duke (ACC)_2015,13,8,5,9,60,956,5131,42,1.38,36
East Carolina (AAC)_2015,12,5,7,8,66,894,4811,39,2.42,55
Eastern Mich. (MAC)_2015,12,1,11,8,122,888,6231,68,2,78
FIU (C-USA)_2015,12,5,7,9,76,854,4873,47,2.25,106
Fla. Atlantic (C-USA)_2015,12,3,9,9,70,877,4861,44,2.17,81
Florida (SEC)_2015,14,10,4,11,8,933,4343,30,3.29,111
Florida St. (ACC)_2015,13,10,3,7,19,936,4380,26,2,51
Ga. Southern (Sun Belt)_2015,13,9,4,10,21,803,4395,39,0.62,46
Georgia (SEC)_2015,13,10,3,10,7,835,3977,26,1.15,83
Georgia St. (Sun Belt)_2015,13,6,7,7,74,995,5273,44,2.54,43
Georgia Tech (ACC)_2015,12,3,9,8,42,759,4416,38,1.33,80
Houston (AAC)_2015,14,13,1,14,53,980,5370,36,2,20
Idaho (Sun Belt)_2015,12,4,8,11,117,839,5852,66,2.42,44
Illinois (Big Ten)_2015,12,5,7,8,30,860,4210,34,1.67,88
Indiana (Big Ten)_2015,13,6,7,10,120,1038,6623,65,1,14
Iowa (Big Ten)_2015,14,12,2,8,22,962,4774,32,2.14,72
Iowa St. (Big 12)_2015,12,3,9,8,107,883,5441,51,3.5,58
Kansas (Big 12)_2015,12,0,12,9,127,967,6730,72,3.33,114
Kansas St. (Big 12)_2015,13,6,7,11,105,942,5879,52,2.69,112
Kent St. (MAC)_2015,12,3,9,6,27,864,4201,40,1.08,126
Kentucky (SEC)_2015,12,5,7,9,59,853,4730,41,2.5,89
La.-Monroe (Sun Belt)_2015,13,2,11,9,92,979,5496,61,2.92,122
Louisiana (Sun Belt)_2015,12,4,8,6,89,848,5050,49,1.75,77
Louisiana Tech (C-USA)_2015,13,9,4,9,48,924,4886,42,1.54,21
Louisville (ACC)_2015,13,8,5,9,18,898,4326,39,3.38,54
LSU (SEC)_2015,12,9,3,7,25,806,4166,38,1.42,39
Marshall (C-USA)_2015,13,10,3,13,35,997,4680,28,1.62,64
Maryland (Big Ten)_2015,12,3,9,9,90,906,5054,53,2.08,87
Massachusetts (MAC)_2015,12,3,9,5,103,947,5374,45,2.42,65
Memphis (AAC)_2015,13,9,4,10,77,960,5287,46,1.31,19
Miami (FL) (ACC)_2015,13,8,5,10,69,911,5263,43,1.46,68
Miami (OH) (MAC)_2015,12,3,9,7,68,863,4855,48,2.33,109
Michigan (Big Ten)_2015,13,10,3,2,4,818,3649,24,1.38,69
Michigan St. (Big Ten)_2015,14,12,2,13,26,895,4898,39,1.5,73
Middle Tenn. (C-USA)_2015,13,7,6,8,74,966,5273,44,1.31,32
Minnesota (Big Ten)_2015,13,6,7,8,24,917,4497,40,1.46,103
Mississippi St. (SEC)_2015,13,9,4,1,56,955,5085,34,2.46,31
Missouri (SEC)_2015,12,5,7,7,6,838,3624,22,2.5,124
Navy (AAC)_2015,13,11,2,15,40,839,4744,36,1.08,48
NC State (ACC)_2015,13,7,6,9,29,828,4559,43,3,57
Nebraska (Big Ten)_2015,13,6,7,5,64,885,5205,45,1.08,34
New Mexico St. (Sun Belt)_2015,12,3,9,10,124,923,6267,71,3,42
North Carolina (ACC)_2015,14,11,3,9,95,1110,6103,44,1.14,18
North Texas (C-USA)_2015,12,1,11,14,119,904,6031,66,2.25,117
Northern Ill. (MAC)_2015,14,8,6,7,87,1131,5857,45,2.29,66
Northwestern (Big Ten)_2015,13,10,3,9,13,915,4146,30,2.23,115
Notre Dame (FBS Independent)_2015,13,10,3,5,45,870,4845,40,2,27
Ohio (MAC)_2015,13,8,5,10,49,861,4910,41,2.15,56
Ohio St. (Big Ten)_2015,13,12,1,9,9,899,4047,24,1.46,41
Oklahoma (Big 12)_2015,13,11,2,7,39,989,4738,34,3.15,7
Oklahoma St. (Big 12)_2015,13,10,3,11,99,1004,5708,51,2.46,22
Old Dominion (C-USA)_2015,12,5,7,10,96,926,5247,54,2.42,91
Ole Miss (SEC)_2015,13,10,3,8,54,1029,5016,33,1.46,10
Oregon (Pac-12)_2015,13,9,4,9,116,1046,6309,62,3,5
Oregon St. (Pac-12)_2015,12,2,10,4,115,897,5778,57,1.58,110
Penn St. (Big Ten)_2015,13,7,6,12,14,883,4218,37,3,105
Pittsburgh (ACC)_2015,13,8,5,6,37,829,4721,38,2.23,82
Purdue (Big Ten)_2015,12,2,10,9,110,897,5500,57,2.5,95
Rice (C-USA)_2015,12,5,7,8,102,753,5369,59,3.17,62
Rutgers (Big Ten)_2015,12,4,8,3,111,809,5544,55,2.08,84
SMU (AAC)_2015,12,2,10,5,118,853,6026,75,3.42,76
South Alabama (Sun Belt)_2015,12,5,7,10,83,830,4992,58,2.67,101
South Carolina (SEC)_2015,12,3,9,8,94,856,5158,42,2.17,99
South Fla. (AAC)_2015,13,8,5,8,52,944,4946,35,1.62,35
Southern California (Pac-12)_2015,14,8,6,9,65,984,5611,44,2.71,38
Southern Miss. (C-USA)_2015,14,9,5,11,50,998,5313,42,1.86,12
Stanford (Pac-12)_2015,14,12,2,6,43,926,5156,36,1.43,40
Syracuse (ACC)_2015,12,4,8,12,98,847,5262,46,1.75,118
TCU (Big 12)_2015,13,11,2,12,63,1004,5179,45,1.38,3
Temple (AAC)_2015,14,10,4,6,20,937,4718,31,1.29,96
Tennessee (SEC)_2015,13,9,4,7,36,904,4706,33,1.77,52
Texas (Big 12)_2015,12,5,7,12,106,965,5431,46,2.67,92
Texas A&M (SEC)_2015,13,8,5,7,51,912,4940,33,2.85,50
Texas St. (Sun Belt)_2015,12,3,9,11,123,893,6262,62,1.67,53
Texas Tech (Big 12)_2015,13,7,6,10,126,1031,7120,77,2.08,2
Toledo (MAC)_2015,12,10,2,10,46,888,4498,28,0.42,30
Troy (Sun Belt)_2015,12,4,8,13,57,895,4695,43,1.5,102
Tulane (AAC)_2015,12,3,9,8,80,851,4947,57,2.17,119
Tulsa (AAC)_2015,13,6,7,14,125,1059,6976,66,3.15,13
UCF (AAC)_2015,12,0,12,9,113,851,5569,57,1.92,127
UCLA (Pac-12)_2015,13,8,5,7,67,1044,5222,39,1.15,28
UConn (AAC)_2015,13,6,7,7,33,887,4616,29,2.85,123
Utah (Pac-12)_2015,13,10,3,12,41,921,4768,35,1.77,97
UTEP (C-USA)_2015,12,5,7,7,93,753,5133,51,1,107
UTSA (C-USA)_2015,12,3,9,8,100,893,5329,50,3.67,98
Vanderbilt (SEC)_2015,12,4,8,11,28,814,4206,26,2.33,116
Virginia (ACC)_2015,12,4,8,11,79,793,4938,45,1.75,75
Virginia Tech (ACC)_2015,13,7,6,15,44,867,4808,42,2.62,74
Wake Forest (ACC)_2015,12,3,9,5,38,784,4365,37,3.33,113
Washington (Pac-12)_2015,13,7,6,12,31,933,4574,28,2.54,61
Washington St. (Pac-12)_2015,13,9,4,11,84,938,5411,45,3.15,25
West Virginia (Big 12)_2015,13,8,5,8,61,969,5154,36,2.46,23
Western Ky. (C-USA)_2015,14,12,2,14,72,997,5673,48,1.14,9
Western Mich. (MAC)_2015,13,8,5,8,82,852,5378,49,2.38,17
Wisconsin (Big Ten)_2015,13,10,3,9,2,791,3491,22,1.92,79
Akron (MAC)_2016,12,5,7,6,114,924,5592,50,2.17,84
Alabama (SEC)_2016,15,14,1,13,2,983,3927,21,1.6,34
Appalachian St. (Sun Belt)_2016,13,10,3,1,17,859,4286,28,1.23,52
Arizona (Pac-12)_2016,12,3,9,6,115,923,5632,62,2.33,67
Arizona St. (Pac-12)_2016,12,5,7,8,127,884,6246,61,3.42,81
Arkansas (SEC)_2016,13,7,6,11,76,822,5546,54,2.69,54
Arkansas St. (Sun Belt)_2016,13,8,5,11,29,946,4717,31,2.15,93
Army West Point (FBS Independent)_2016,13,8,5,5,4,744,3789,33,0.77,65
Auburn (SEC)_2016,13,8,5,6,28,928,4705,23,1.46,43
Ball St. (MAC)_2016,12,4,8,7,116,885,5643,46,1.58,37
Baylor (Big 12)_2016,13,7,6,10,81,1032,5601,48,2,6
Boston College (ACC)_2016,13,7,6,15,9,803,4084,44,2.15,127
Bowling Green (MAC)_2016,12,4,8,8,113,882,5571,63,2.08,69
Buffalo (MAC)_2016,12,2,10,8,87,881,5217,49,1.92,111
BYU (FBS Independent)_2016,13,9,4,10,34,860,4745,33,2,71
California (Pac-12)_2016,12,5,7,7,125,927,6219,67,1.33,10
Central Mich. (MAC)_2016,13,6,7,5,54,888,5095,51,2.92,78
Charlotte (C-USA)_2016,12,4,8,6,105,902,5439,54,2.08,101
Cincinnati (AAC)_2016,12,4,8,7,72,951,5074,39,2.17,99
Clemson (ACC)_2016,15,14,1,7,8,1008,4672,34,1.33,12
Colorado (Pac-12)_2016,14,10,4,11,19,984,4795,36,2.21,47
Duke (ACC)_2016,12,4,8,9,67,791,4976,43,2.58,76
East Carolina (AAC)_2016,12,3,9,3,100,844,5433,56,2.58,23
Eastern Mich. (MAC)_2016,13,7,6,13,83,963,5625,52,1,35
FIU (C-USA)_2016,12,4,8,8,86,823,5215,55,2.58,98
Fla. Atlantic (C-USA)_2016,12,3,9,5,124,892,6166,63,2.08,72
Florida (SEC)_2016,13,9,4,8,5,816,3809,27,2.15,116
Florida St. (ACC)_2016,13,10,3,8,22,861,4538,40,2.77,25
Ga. Southern (Sun Belt)_2016,12,5,7,10,58,801,4759,39,1,91
Georgia (SEC)_2016,13,8,5,12,16,809,4257,41,1.85,87
Georgia St. (Sun Belt)_2016,12,3,9,7,46,931,4568,37,1.42,119
Georgia Tech (ACC)_2016,13,9,4,8,59,907,5221,40,1.23,85
Houston (AAC)_2016,13,9,4,11,13,866,4155,37,2.85,41
Idaho (Sun Belt)_2016,13,9,4,11,78,893,5568,52,1.92,74
Illinois (Big Ten)_2016,12,3,9,11,61,877,4861,47,1.67,123
Indiana (Big Ten)_2016,13,6,7,10,45,971,4941,42,2.23,56
Iowa (Big Ten)_2016,13,8,5,9,23,893,4565,30,2.31,121
Iowa St. (Big 12)_2016,12,3,9,4,102,911,5435,48,2.67,60
Kansas (Big 12)_2016,12,2,10,12,109,906,5474,58,2.25,106
Kansas St. (Big 12)_2016,13,9,4,9,51,874,5040,37,1.92,83
Kent St. (MAC)_2016,12,3,9,12,50,890,4638,43,2.83,125
Kentucky (SEC)_2016,13,7,6,8,85,928,5645,50,2.15,61
La.-Monroe (Sun Belt)_2016,12,4,8,7,119,867,5764,60,1.58,100
Louisiana (Sun Belt)_2016,13,6,7,8,43,929,4928,39,2.77,108
Louisiana Tech (C-USA)_2016,14,9,5,9,71,1018,5893,62,2,9
Louisville (ACC)_2016,13,9,4,10,14,894,4189,38,3.62,3
LSU (SEC)_2016,12,8,4,8,10,793,3773,16,1.58,59
Marshall (C-USA)_2016,12,3,9,12,107,857,5472,55,2.33,114
Maryland (Big Ten)_2016,13,6,7,7,77,980,5552,52,3.77,95
Massachusetts (FBS Independent)_2016,12,2,10,11,99,886,5432,53,3.75,109
Memphis (AAC)_2016,13,8,5,13,106,1025,5910,49,2.69,28
Miami (FL) (ACC)_2016,13,9,4,11,20,945,4492,28,1.92,57
Miami (OH) (MAC)_2016,13,6,7,7,25,876,4592,39,3.23,104
Michigan (Big Ten)_2016,13,10,3,6,1,809,3403,22,1.69,58
Michigan St. (Big Ten)_2016,12,3,9,5,32,792,4378,42,2.25,75
Middle Tenn. (C-USA)_2016,13,8,5,8,96,1068,5843,62,1.08,8
Minnesota (Big Ten)_2016,13,9,4,16,21,940,4534,35,1.31,107
Mississippi St. (SEC)_2016,13,6,7,9,110,957,5968,53,1.38,44
Missouri (SEC)_2016,12,4,8,5,118,949,5756,49,1.17,13
Navy (AAC)_2016,14,9,5,11,84,959,6076,54,1.64,46
NC State (ACC)_2016,13,7,6,12,24,894,4586,34,1.31,63
Nebraska (Big Ten)_2016,13,9,4,3,30,855,4728,40,1.15,90
New Mexico St. (Sun Belt)_2016,12,3,9,10,121,909,5960,60,3,64
North Carolina (ACC)_2016,13,8,5,13,63,987,5305,40,1.54,45
North Texas (C-USA)_2016,13,5,8,8,89,942,5717,55,3.31,117
Northern Ill. (MAC)_2016,12,5,7,2,98,936,5418,49,0.67,27
Northwestern (Big Ten)_2016,13,7,6,9,60,974,5257,34,3,73
Notre Dame (FBS Independent)_2016,12,4,8,6,42,842,4546,44,2.33,62
Ohio (MAC)_2016,14,8,6,11,27,984,5043,38,1.36,77
Ohio St. (Big Ten)_2016,13,11,2,6,6,882,3858,22,2.15,31
Oklahoma (Big 12)_2016,13,11,2,8,82,960,5616,46,1.62,2
Oklahoma St. (Big 12)_2016,13,10,3,11,92,979,5802,46,2.46,14
Old Dominion (C-USA)_2016,13,10,3,12,49,921,4987,47,1.46,50
Ole Miss (SEC)_2016,12,5,7,8,111,896,5535,50,2.17,26
Oregon (Pac-12)_2016,12,4,8,3,126,971,6221,68,2.42,15
Oregon St. (Pac-12)_2016,12,4,8,13,79,894,5150,45,2.08,105
Penn St. (Big Ten)_2016,14,11,3,11,37,1023,5151,42,1.71,49
Pittsburgh (ACC)_2016,13,8,5,10,101,985,5886,59,0.77,38
Purdue (Big Ten)_2016,12,3,9,4,91,860,5350,59,2.42,80
Rice (C-USA)_2016,12,3,9,6,123,815,6054,58,2.75,86
Rutgers (Big Ten)_2016,12,2,10,6,97,851,5408,60,2.83,128
SMU (AAC)_2016,12,5,7,8,103,906,5436,56,2.17,55
South Alabama (Sun Belt)_2016,13,6,7,10,53,900,5068,44,2.38,82
South Carolina (SEC)_2016,13,6,7,12,66,953,5355,44,3.15,115
South Fla. (AAC)_2016,13,11,2,11,120,1077,6266,50,1.15,11
Southern California (Pac-12)_2016,13,10,3,6,36,887,4773,41,0.92,20
Southern Miss. (C-USA)_2016,13,7,6,5,15,739,4223,50,2.23,21
Stanford (Pac-12)_2016,13,10,3,6,38,894,4785,33,2.62,103
Syracuse (ACC)_2016,12,4,8,9,122,870,6013,61,3.17,42
TCU (Big 12)_2016,13,6,7,8,73,1006,5522,43,2.38,29
Temple (AAC)_2016,14,10,4,13,3,852,3955,33,2.07,66
Tennessee (SEC)_2016,13,9,4,13,95,1000,5840,48,1.92,40
Texas (Big 12)_2016,12,5,7,10,94,955,5379,47,2.67,16
Texas A&M (SEC)_2016,13,8,5,12,90,1035,5743,38,1.62,24
Texas St. (Sun Belt)_2016,12,2,10,8,117,913,5653,63,3.67,126
Texas Tech (Big 12)_2016,12,5,7,8,128,943,6652,68,2.5,1
Toledo (MAC)_2016,13,9,4,4,57,888,5155,41,1.08,7
Troy (Sun Belt)_2016,13,10,3,8,35,944,4765,36,0.62,53
Tulane (AAC)_2016,12,4,8,15,31,816,4374,42,1.75,118
Tulsa (AAC)_2016,13,10,3,11,75,1013,5544,48,1.85,4
UCF (AAC)_2016,13,6,7,11,39,1008,4814,40,2.77,113
UCLA (Pac-12)_2016,12,4,8,8,47,944,4584,37,2,91
UConn (AAC)_2016,12,3,9,4,65,862,4929,43,3.08,122
Utah (Pac-12)_2016,13,9,4,13,48,895,4979,39,2.08,51
UTEP (C-USA)_2016,12,4,8,5,70,822,5032,53,1.83,102
UTSA (C-USA)_2016,13,6,7,11,55,895,5096,46,3.31,97
Vanderbilt (SEC)_2016,13,6,7,14,64,899,5306,37,2.46,110
Virginia (ACC)_2016,12,2,10,8,93,846,5359,51,3,112
Virginia Tech (ACC)_2016,14,10,4,9,18,955,4770,41,2.29,39
Wake Forest (ACC)_2016,13,7,6,15,40,903,4817,37,3,124
Washington (Pac-12)_2016,14,12,2,14,12,963,4436,30,1.86,32
Washington St. (Pac-12)_2016,13,8,5,11,62,873,5277,45,2.23,18
West Virginia (Big 12)_2016,13,10,3,11,74,995,5537,37,1.92,17
Western Ky. (C-USA)_2016,14,11,3,7,41,1014,5272,43,1.57,5
Western Mich. (MAC)_2016,14,13,1,11,26,850,4951,35,1.14,19
Wisconsin (Big Ten)_2016,14,11,3,6,7,857,4219,24,1.71,89
Air Force (MWC)_2017,12,5,7,5,66,694,4727,49,1.83,49
Akron (MAC)_2017,14,7,7,8,103,1030,6200,49,2.71,121
Alabama (SEC)_2017,14,13,1,5,1,913,3646,18,1.93,29
Appalachian St. (Sun Belt)_2017,13,9,4,8,29,839,4453,30,0.62,31
Arizona (Pac-12)_2017,13,7,6,6,118,1015,6125,59,1.46,12
Arizona St. (Pac-12)_2017,13,7,6,6,108,924,5846,54,3.15,37
Arkansas (SEC)_2017,12,4,8,9,101,815,5259,56,2.92,94
Arkansas St. (Sun Belt)_2017,12,7,5,10,54,857,4530,40,2.75,10
Army West Point (FBS Independent)_2017,13,10,3,9,32,727,4546,39,0.08,76
Auburn (SEC)_2017,14,10,4,13,14,957,4471,31,2.57,26
Ball St. (MAC)_2017,12,2,10,6,87,764,5059,65,2.75,110
Baylor (Big 12)_2017,12,1,11,8,111,849,5483,52,3.17,59
Boise St. (MWC)_2017,14,11,3,11,22,965,4657,42,2,57
Boston College (ACC)_2017,13,7,6,7,57,926,4977,37,1.15,84
Bowling Green (MAC)_2017,12,2,10,15,125,920,6079,61,2.42,85
Buffalo (MAC)_2017,12,6,6,6,71,870,4778,39,1.42,36
BYU (FBS Independent)_2017,13,4,9,9,51,906,4847,37,2,118
California (Pac-12)_2017,12,5,7,10,95,888,5159,40,2.92,89
Central Mich. (MAC)_2017,13,8,5,12,49,959,4820,44,1.92,77
Charlotte (C-USA)_2017,12,1,11,9,110,886,5455,51,1.83,123
Cincinnati (AAC)_2017,12,4,8,6,94,879,5142,46,1.42,101
Clemson (ACC)_2017,14,12,2,6,4,908,3874,22,2.21,38
Colorado (Pac-12)_2017,12,5,7,6,109,884,5407,42,3.25,48
Colorado St. (MWC)_2017,13,7,6,6,97,892,5611,46,1,11
Duke (ACC)_2017,13,7,6,4,21,828,4324,34,2.23,88
East Carolina (AAC)_2017,12,3,9,4,129,842,6500,73,1.25,42
Eastern Mich. (MAC)_2017,12,5,7,10,39,817,4363,35,1.42,83
FIU (C-USA)_2017,13,8,5,11,83,896,5394,47,2.23,73
Fla. Atlantic (C-USA)_2017,14,11,3,6,63,1051,5454,40,1.14,9
Florida (SEC)_2017,11,4,7,3,31,670,3842,36,3.36,109
Florida St. (ACC)_2017,13,7,6,6,18,906,4304,34,2.46,100
Fresno St. (MWC)_2017,14,10,4,12,15,924,4488,30,0.71,72
Ga. Southern (Sun Belt)_2017,12,2,10,6,80,746,4925,52,2.58,113
Georgia (SEC)_2017,15,13,2,8,6,943,4424,28,1.47,32
Georgia St. (Sun Belt)_2017,12,7,5,7,61,802,4654,38,2.08,81
Georgia Tech (ACC)_2017,11,5,6,4,33,706,3897,35,1.82,74
Hawaii (MWC)_2017,12,3,9,6,114,814,5505,55,2.5,63
Houston (AAC)_2017,12,7,5,6,88,944,5066,32,1.42,40
Idaho (Sun Belt)_2017,12,4,8,9,64,835,4685,36,4.17,104
Illinois (Big Ten)_2017,12,2,10,10,85,887,5021,50,3.5,126
Indiana (Big Ten)_2017,12,5,7,8,27,829,4081,39,2.42,70
Iowa (Big Ten)_2017,13,8,5,5,36,914,4647,30,1.92,116
Iowa St. (Big 12)_2017,13,8,5,8,43,882,4760,34,1.46,86
Kansas (Big 12)_2017,12,1,11,5,117,873,5620,68,2.42,117
Kansas St. (Big 12)_2017,13,8,5,11,90,953,5548,40,2,95
Kent St. (MAC)_2017,12,2,10,7,77,789,4900,56,3.83,127
Kentucky (SEC)_2017,13,7,6,7,91,893,5550,46,2.38,103
La.-Monroe (Sun Belt)_2017,12,4,8,5,128,880,6385,67,1.75,21
Louisiana (Sun Belt)_2017,12,5,7,6,123,899,5912,64,2.67,65
Louisiana Tech (C-USA)_2017,13,7,6,9,60,897,5012,41,1.92,62
Louisville (ACC)_2017,13,8,5,10,62,899,5045,47,2.54,3
LSU (SEC)_2017,13,9,4,6,12,811,4108,27,2.31,54
Marshall (C-USA)_2017,13,8,5,9,28,897,4442,32,0.85,92
Maryland (Big Ten)_2017,12,4,8,6,86,896,5033,59,2.92,119
Massachusetts (FBS Independent)_2017,12,4,8,7,75,844,4859,47,3.83,35
Memphis (AAC)_2017,13,10,3,15,116,1054,6061,56,1.62,4
Miami (FL) (ACC)_2017,13,10,3,14,38,989,4717,30,2.23,60
Miami (OH) (MAC)_2017,12,5,7,6,45,814,4411,37,1.83,90
Michigan (Big Ten)_2017,13,8,5,7,3,779,3523,30,2.77,105
Michigan St. (Big Ten)_2017,13,10,3,9,7,794,3869,31,1.62,91
Middle Tenn. (C-USA)_2017,13,7,6,6,35,939,4645,39,1.92,71
Minnesota (Big Ten)_2017,12,5,7,10,30,754,4160,36,1.83,122
Mississippi St. (SEC)_2017,13,9,4,8,10,761,3982,34,1,46
Missouri (SEC)_2017,13,7,6,5,82,962,5383,50,1,8
Navy (AAC)_2017,13,7,6,9,48,780,4814,43,1,39
NC State (ACC)_2017,13,9,4,7,58,898,4995,40,1,25
Nebraska (Big Ten)_2017,12,4,8,3,100,826,5234,58,2,87
Nevada (MWC)_2017,12,3,9,11,119,924,5656,51,1.33,67
New Mexico (MWC)_2017,12,3,9,7,70,779,4776,50,1.25,99
New Mexico St. (Independent)_2017,13,7,6,11,74,972,5211,50,2.46,28
North Carolina (ACC)_2017,12,3,9,9,98,895,5233,48,2.5,96
North Texas (C-USA)_2017,14,9,5,8,96,1013,6040,63,2.79,24
Northern Ill. (MAC)_2017,13,8,5,7,26,953,4401,33,2.08,93
Northwestern (Big Ten)_2017,13,10,3,8,34,926,4644,33,2.38,55
Notre Dame (FBS Independent)_2017,13,10,3,10,46,951,4799,34,2.31,27
Ohio (MAC)_2017,13,9,4,8,50,912,4831,38,1.23,34
Ohio St. (Big Ten)_2017,14,12,2,11,9,948,4213,35,1.57,7
Oklahoma (Big 12)_2017,14,12,2,10,67,947,5529,47,1.86,1
Oklahoma St. (Big 12)_2017,13,10,3,7,79,966,5321,48,1.85,2
Old Dominion (C-USA)_2017,12,5,7,8,92,885,5132,51,1.67,113
Ole Miss (SEC)_2017,12,6,6,5,115,895,5514,51,2.67,18
Oregon (Pac-12)_2017,13,7,6,10,46,946,4799,47,1.92,30
Oregon St. (Pac-12)_2017,12,1,11,7,120,859,5677,67,1.5,112
Penn St. (Big Ten)_2017,13,11,2,15,17,898,4283,27,2.23,19
Pittsburgh (ACC)_2017,12,5,7,7,69,798,4759,41,2.58,97
Purdue (Big Ten)_2017,13,7,6,11,52,926,4881,32,2.54,61
Rice (C-USA)_2017,12,1,11,3,89,795,5110,55,2.42,115
Rutgers (Big Ten)_2017,12,4,8,3,72,836,4783,41,1.5,128
San Diego St. (MWC)_2017,13,10,3,6,11,804,4088,34,2.38,64
San Jose St. (MWC)_2017,13,2,11,10,124,1045,6491,70,2.77,120
SMU (AAC)_2017,13,7,6,11,121,940,6197,62,1.77,15
South Alabama (Sun Belt)_2017,12,4,8,12,84,852,5013,38,2.08,111
South Carolina (SEC)_2017,13,9,4,14,44,924,4772,30,2.23,108
South Fla. (AAC)_2017,12,10,2,4,37,892,4317,37,1.5,6
Southern California (Pac-12)_2017,14,11,3,9,68,985,5539,46,2.14,13
Southern Miss. (C-USA)_2017,13,8,5,9,20,855,4315,40,1.08,43
Stanford (Pac-12)_2017,14,9,5,10,76,949,5672,39,1.21,79
Syracuse (ACC)_2017,12,4,8,8,105,832,5328,49,2.67,23
TCU (Big 12)_2017,14,11,3,7,19,916,4640,32,1.29,45
Temple (AAC)_2017,13,7,6,8,56,919,4959,40,1.54,80
Tennessee (SEC)_2017,12,4,8,10,81,834,4955,45,2.92,124
Texas (Big 12)_2017,13,7,6,10,41,916,4753,33,2.62,66
Texas A&M (SEC)_2017,13,7,6,12,78,943,5310,51,2.23,56
Texas St. (Sun Belt)_2017,12,2,10,9,102,852,5267,48,3,107
Texas Tech (Big 12)_2017,13,6,7,15,104,998,5769,52,2.23,16
Toledo (MAC)_2017,14,11,3,5,59,958,5390,48,1.57,14
Troy (Sun Belt)_2017,13,11,2,9,24,916,4381,30,1.15,46
Tulane (AAC)_2017,12,5,7,6,98,783,5233,47,2,75
Tulsa (AAC)_2017,12,2,10,7,127,868,6347,58,2.17,44
UAB (C-USA)_2017,13,8,5,5,41,882,4753,39,1.77,98
UCF (AAC)_2017,13,13,0,12,93,969,5563,43,1,5
UCLA (Pac-12)_2017,13,6,7,5,122,1004,6288,58,2.23,22
UConn (AAC)_2017,12,3,9,5,126,920,6228,61,2.92,50
UNLV (MWC)_2017,12,5,7,12,113,878,5504,49,2,41
Utah (Pac-12)_2017,13,7,6,13,25,868,4399,33,3,52
Utah St. (MWC)_2017,13,6,7,16,73,1002,5185,43,2.15,68
UTEP (C-USA)_2017,12,0,12,8,107,859,5359,60,2.08,129
UTSA (C-USA)_2017,11,6,5,9,5,636,3166,24,2.36,82
Vanderbilt (SEC)_2017,12,5,7,2,65,807,4717,48,1.58,102
Virginia (ACC)_2017,13,6,7,3,40,879,4746,49,2.38,106
Virginia Tech (ACC)_2017,13,9,4,6,13,820,4151,24,1.77,53
Wake Forest (ACC)_2017,13,8,5,7,112,1069,5945,45,1.54,17
Washington (Pac-12)_2017,13,10,3,9,8,876,3874,24,1.54,58
Washington St. (Pac-12)_2017,13,9,4,13,16,820,4203,41,3.38,33
West Virginia (Big 12)_2017,13,7,6,8,106,944,5792,50,1.46,20
Western Ky. (C-USA)_2017,13,6,7,5,53,888,4903,42,3.69,69
Western Mich. (MAC)_2017,12,6,6,16,55,806,4542,47,1.83,78
Wisconsin (Big Ten)_2017,14,13,1,9,2,831,3669,21,1.5,51
Wyoming (MWC)_2017,13,8,5,18,23,933,4358,27,2,125
Air Force (MWC)_2018,12,5,7,7,43,732,4331,42,0.58,52
Akron (MAC)_2018,12,4,8,11,61,898,4657,41,2.83,126
Alabama (SEC)_2018,15,14,1,7,16,981,4793,35,1,6
Appalachian St. (Sun Belt)_2018,13,11,2,6,6,845,3744,21,1.38,37
Arizona (Pac-12)_2018,12,5,7,8,92,904,5184,52,1.67,24
Arizona St. (Pac-12)_2018,13,7,6,9,73,921,5257,40,1.23,50
Arkansas (SEC)_2018,12,2,10,11,79,827,4958,53,2.67,117
Arkansas St. (Sun Belt)_2018,13,8,5,8,45,862,4804,45,1.85,17
Army West Point (FBS Independent)_2018,13,11,2,13,8,688,3842,30,0.23,76
Auburn (SEC)_2018,13,8,5,8,38,897,4620,26,1.77,78
Ball St. (MAC)_2018,12,4,8,6,109,913,5403,51,2.25,63
Baylor (Big 12)_2018,13,7,6,3,85,852,5532,51,3,22
Boise St. (MWC)_2018,13,10,3,17,39,820,4627,35,2.46,21
Boston College (ACC)_2018,12,7,5,8,70,935,4834,41,1.92,67
Bowling Green (MAC)_2018,12,3,9,8,106,834,5377,66,2.42,105
Buffalo (MAC)_2018,14,10,4,10,37,949,4975,48,1.07,55
BYU (FBS Independent)_2018,13,7,6,9,18,891,4213,37,2.23,100
California (Pac-12)_2018,13,7,6,7,15,898,4123,32,2.77,114
Central Mich. (MAC)_2018,12,1,11,12,36,860,4264,42,3,128
Charlotte (C-USA)_2018,12,5,7,7,22,700,4048,42,3.17,115
Cincinnati (AAC)_2018,13,11,2,8,11,840,3946,28,1.92,23
Clemson (ACC)_2018,15,15,0,12,5,1023,4288,23,1.13,3
Coastal Caro. (Sun Belt)_2018,12,5,7,8,110,741,5410,53,3.08,87
Colorado (Pac-12)_2018,12,5,7,7,52,871,4563,39,2.83,74
Colorado St. (MWC)_2018,12,3,9,5,111,798,5423,56,2.5,59
Duke (ACC)_2018,13,8,5,9,77,964,5314,48,2.31,65
East Carolina (AAC)_2018,12,3,9,6,101,859,5278,58,2.08,56
Eastern Mich. (MAC)_2018,13,7,6,11,35,922,4599,34,3,92
FIU (C-USA)_2018,13,9,4,5,56,887,5022,42,0.62,46
Fla. Atlantic (C-USA)_2018,12,5,7,3,88,863,5129,52,1.17,14
Florida (SEC)_2018,13,10,3,12,28,872,4463,30,1.38,42
Florida St. (ACC)_2018,12,5,7,3,80,954,4996,47,3,102
Fresno St. (MWC)_2018,14,12,2,7,17,954,4503,23,0.86,47
Ga. Southern (Sun Belt)_2018,13,10,3,12,41,851,4642,35,1.46,112
Georgia (SEC)_2018,14,11,3,9,13,890,4400,32,1.43,18
Georgia St. (Sun Belt)_2018,12,2,10,4,124,760,5874,58,2.08,89
Georgia Tech (ACC)_2018,13,7,6,13,46,805,4805,50,1.23,61
Hawaii (MWC)_2018,14,8,6,7,100,977,6156,65,3.29,48
Houston (AAC)_2018,13,8,5,10,126,1087,6454,62,2.31,7
Illinois (Big Ten)_2018,12,4,8,5,127,866,6100,64,2.25,62
Indiana (Big Ten)_2018,12,5,7,13,83,848,5085,45,2.25,51
Iowa (Big Ten)_2018,13,9,4,7,7,837,3817,28,1.23,91
Iowa St. (Big 12)_2018,13,8,5,8,33,898,4539,37,2.38,95
Kansas (Big 12)_2018,12,3,9,11,81,829,5022,46,2.58,109
Kansas St. (Big 12)_2018,12,5,7,8,71,814,4841,37,2.83,113
Kent St. (MAC)_2018,12,2,10,10,117,895,5607,60,3.58,82
Kentucky (SEC)_2018,13,10,3,11,23,838,4393,27,2.15,103
La.-Monroe (Sun Belt)_2018,12,6,6,6,90,817,5157,49,1.83,52
Louisiana (Sun Belt)_2018,14,7,7,7,97,966,6102,62,1.93,44
Louisiana Tech (C-USA)_2018,13,8,5,9,27,880,4437,39,2.54,84
Louisville (ACC)_2018,12,2,10,7,122,843,5802,71,3.58,108
LSU (SEC)_2018,13,10,3,8,25,915,4403,35,2.69,68
Marshall (C-USA)_2018,13,9,4,12,25,913,4403,33,1.54,72
Maryland (Big Ten)_2018,12,5,7,5,63,843,4685,42,2.5,94
Massachusetts (FBS Independent)_2018,12,4,8,8,123,846,5817,68,3.25,34
Memphis (AAC)_2018,14,8,6,12,89,1069,5994,59,1.71,4
Miami (FL) (ACC)_2018,13,7,6,9,4,843,3626,28,2.08,104
Miami (OH) (MAC)_2018,12,6,6,8,44,843,4418,42,1.67,93
Michigan (Big Ten)_2018,13,10,3,6,2,781,3577,32,1.77,49
Michigan St. (Big Ten)_2018,13,7,6,9,10,869,3941,24,2,116
Middle Tenn. (C-USA)_2018,14,8,6,8,50,965,5290,47,3,73
Minnesota (Big Ten)_2018,13,7,6,10,54,845,5015,42,2.08,86
Mississippi St. (SEC)_2018,13,8,5,7,1,829,3420,15,1.92,70
Missouri (SEC)_2018,13,8,5,6,62,889,5050,39,1,13
Navy (AAC)_2018,13,3,10,12,86,850,5543,60,1.54,110
NC State (ACC)_2018,13,9,4,9,66,859,5104,39,0.85,26
Nebraska (Big Ten)_2018,12,4,8,9,94,895,5202,47,2.33,25
Nevada (MWC)_2018,13,8,5,11,58,959,5038,46,1.31,38
New Mexico (MWC)_2018,12,3,9,13,119,898,5676,56,2.25,119
New Mexico St. (FBS Independent)_2018,12,3,9,10,120,961,5711,63,3.33,96
North Carolina (ACC)_2018,11,2,9,10,105,823,4924,49,0.91,31
North Texas (C-USA)_2018,13,9,4,4,48,915,4870,38,2.15,20
Northern Ill. (MAC)_2018,14,8,6,11,40,1046,4998,35,3.07,123
Northwestern (Big Ten)_2018,14,9,5,14,64,983,5472,38,2.57,107
Notre Dame (FBS Independent)_2018,13,12,1,9,30,957,4516,28,1.92,32
Ohio (MAC)_2018,13,9,4,16,65,834,5082,42,1.54,16
Ohio St. (Big Ten)_2018,14,13,1,12,72,979,5648,46,1.64,2
Oklahoma (Big 12)_2018,14,12,2,5,114,1036,6353,62,1.36,1
Oklahoma St. (Big 12)_2018,13,7,6,8,112,974,5882,55,2.62,10
Old Dominion (C-USA)_2018,12,4,8,5,118,906,5657,59,2.67,40
Ole Miss (SEC)_2018,12,5,7,8,121,918,5801,54,2.67,9
Oregon (Pac-12)_2018,13,9,4,6,55,956,5017,38,1.69,41
Oregon St. (Pac-12)_2018,12,2,10,5,128,868,6441,76,4,66
Penn St. (Big Ten)_2018,13,9,4,7,34,965,4556,34,2.38,45
Pittsburgh (ACC)_2018,14,7,7,9,59,929,5426,50,2.36,97
Purdue (Big Ten)_2018,13,6,7,3,113,982,5884,49,2.31,29
Rice (C-USA)_2018,13,2,11,11,103,842,5799,62,1.85,124
Rutgers (Big Ten)_2018,12,1,11,6,69,845,4818,49,1.33,127
San Diego St. (MWC)_2018,13,7,6,5,21,854,4350,35,2.54,111
San Jose St. (MWC)_2018,12,1,11,7,125,955,5941,57,3.25,122
SMU (AAC)_2018,12,5,7,11,91,931,5158,54,2.58,80
South Alabama (Sun Belt)_2018,12,3,9,6,107,804,5384,61,2.08,105
South Carolina (SEC)_2018,13,7,6,10,84,991,5516,42,1.77,43
South Fla. (AAC)_2018,13,7,6,10,104,994,5806,53,2.92,33
Southern California (Pac-12)_2018,12,5,7,6,60,868,4656,42,2.25,83
Southern Miss. (C-USA)_2018,11,6,5,8,3,672,3062,27,3,99
Stanford (Pac-12)_2018,13,9,4,7,78,942,5331,33,1.85,85
Syracuse (ACC)_2018,13,10,3,13,87,951,5545,42,2.85,19
TCU (Big 12)_2018,13,7,6,9,24,906,4397,38,1.23,98
Temple (AAC)_2018,13,8,5,13,47,1036,4843,47,1.38,60
Tennessee (SEC)_2018,12,5,7,6,49,799,4529,42,1.92,121
Texas (Big 12)_2018,14,10,4,8,67,982,5499,44,2,57
Texas A&M (SEC)_2018,13,9,4,4,32,785,4529,43,2.69,15
Texas St. (Sun Belt)_2018,12,3,9,12,53,869,4607,39,2.42,120
Texas Tech (Big 12)_2018,12,5,7,6,108,905,5387,47,2.08,12
Toledo (MAC)_2018,13,7,6,9,93,963,5620,54,2.31,30
Troy (Sun Belt)_2018,13,10,3,13,31,896,4523,38,2.08,79
Tulane (AAC)_2018,13,7,6,6,75,951,5288,46,2.69,69
Tulsa (AAC)_2018,12,3,9,11,76,869,4892,43,3.25,90
UAB (C-USA)_2018,14,11,3,11,9,875,4189,28,1.64,64
UCF (AAC)_2018,13,12,1,14,95,1031,5638,35,1.46,5
UCLA (Pac-12)_2018,12,3,9,7,102,891,5339,52,2.67,74
UConn (AAC)_2018,12,1,11,6,129,841,7409,81,2.33,88
UNLV (MWC)_2018,12,4,8,10,115,843,5450,55,2.58,77
Utah (Pac-12)_2018,14,9,5,6,14,956,4418,35,2.29,71
Utah St. (MWC)_2018,13,11,2,10,51,986,4933,33,0.77,11
UTEP (C-USA)_2018,12,1,11,6,68,797,4736,49,3.5,125
UTSA (C-USA)_2018,12,3,9,10,96,815,5226,47,3,129
Vanderbilt (SEC)_2018,13,6,7,9,99,929,5706,41,1.69,58
Virginia (ACC)_2018,13,8,5,4,20,815,4297,30,2.46,81
Virginia Tech (ACC)_2018,13,6,7,12,98,892,5703,53,2.15,39
Wake Forest (ACC)_2018,13,7,6,10,116,1015,5962,59,2.62,28
Washington (Pac-12)_2018,14,10,4,9,12,918,4287,26,1.71,54
Washington St. (Pac-12)_2018,13,11,2,11,42,838,4674,38,1,27
West Virginia (Big 12)_2018,12,8,4,9,74,839,4876,41,2.42,8
Western Ky. (C-USA)_2018,12,3,9,6,82,862,5059,37,2.67,101
Western Mich. (MAC)_2018,13,7,6,11,57,813,5026,60,1.54,35
Wisconsin (Big Ten)_2018,13,8,5,11,29,814,4474,33,1.85,36
Wyoming (MWC)_2018,12,6,6,5,19,818,3914,33,2,118
Air Force (Mountain West)_2019,13,11,2,9,17,752,4155,34,0.31,51
Akron (MAC)_2019,12,0,12,6,83,871,4967,56,4.83,130
Alabama (SEC)_2019,13,11,2,11,20,877,4217,26,0.92,6
Appalachian St. (Sun Belt)_2019,14,13,1,10,26,940,4705,35,1.29,39
Arizona (Pac-12)_2019,12,4,8,4,120,889,5657,54,2.75,30
Arizona St. (Pac-12)_2019,13,8,5,15,67,928,5113,39,2.54,94
Arkansas (SEC)_2019,12,2,10,10,110,827,5408,57,1.58,111
Arkansas St. (Sun Belt)_2019,13,8,5,7,124,1018,6218,56,3.08,33
Army West Point (FBS Independent)_2019,13,5,8,10,30,789,4450,38,1.15,89
Auburn (SEC)_2019,13,9,4,13,28,905,4381,32,1.38,64
Ball St. (MAC)_2019,12,5,7,9,91,876,5096,47,2.42,16
Baylor (Big 12)_2019,14,11,3,13,39,1032,5046,32,2.71,52
Boise St. (Mountain West)_2019,14,12,2,9,33,928,4848,39,1.93,48
Boston College (ACC)_2019,13,6,7,7,125,983,6223,49,1,47
Bowling Green (MAC)_2019,12,3,9,8,117,798,5606,62,1.17,120
Buffalo (MAC)_2019,13,8,5,11,7,780,3795,35,0.62,82
BYU (FBS Independent)_2019,13,7,6,7,68,914,5116,40,2.23,28
California (Pac-12)_2019,13,8,5,8,65,945,5076,32,3.62,117
Central Mich. (MAC)_2019,14,8,6,6,41,938,5082,49,1.5,37
Charlotte (C-USA)_2019,13,7,6,6,59,824,4952,56,1.62,56
Cincinnati (AAC)_2019,14,11,3,10,40,987,5060,34,2.5,80
Clemson (ACC)_2019,15,14,1,11,6,970,4325,24,1.2,5
Coastal Carolina (Sun Belt)_2019,12,5,7,6,62,761,4603,50,1.67,74
Colorado (Pac-12)_2019,12,5,7,6,104,815,5303,50,1.75,83
Colorado St. (Mountain West)_2019,12,4,8,7,52,811,4529,47,2.25,34
Duke (ACC)_2019,12,5,7,8,56,852,4555,43,2.33,114
East Carolina (AAC)_2019,12,4,8,7,119,864,5632,53,1.42,46
Eastern Mich. (MAC)_2019,13,6,7,10,94,922,5596,52,1.77,67
FIU (C-USA)_2019,13,6,7,6,69,898,5117,43,1.08,91
Fla. Atlantic (C-USA)_2019,14,11,3,11,50,979,5239,41,2,23
Florida (SEC)_2019,13,11,2,7,9,809,3963,23,1.92,45
Florida St. (ACC)_2019,13,6,7,10,90,1039,5514,40,3.69,60
Fresno St. (Mountain West)_2019,12,4,8,11,88,879,5037,46,1.92,85
Ga. Southern (Sun Belt)_2019,13,7,6,10,55,871,4929,47,2.08,118
Georgia (SEC)_2019,14,12,2,8,3,900,3860,20,1.07,61
Georgia St. (Sun Belt)_2019,13,7,6,8,112,886,5922,62,1.46,31
Georgia Tech (ACC)_2019,12,3,9,9,89,870,5075,49,2.33,127
Hawaii (Mountain West)_2019,15,10,5,5,96,1029,6470,61,1.8,13
Houston (AAC)_2019,12,4,8,6,118,824,5610,54,2.92,78
Illinois (Big Ten)_2019,13,6,7,16,77,949,5310,41,3,115
Indiana (Big Ten)_2019,13,8,5,10,36,853,4579,39,2.08,41
Iowa (Big Ten)_2019,13,10,3,9,12,835,4007,21,1.77,99
Iowa St. (Big 12)_2019,13,7,6,7,45,896,4801,39,1.38,27
Kansas (Big 12)_2019,12,3,9,2,122,927,5702,56,1.92,90
Kansas St. (Big 12)_2019,13,8,5,4,44,776,4789,31,1.92,103
Kent St. (MAC)_2019,13,7,6,11,121,974,6155,52,3.15,66
Kentucky (SEC)_2019,13,8,5,11,21,796,4220,32,1.31,76
La.-Monroe (Sun Belt)_2019,12,5,7,8,128,865,5802,61,1.33,17
Liberty (FBS Independent)_2019,13,8,5,6,80,926,5319,46,2.15,32
Louisiana (Sun Belt)_2019,14,11,3,9,47,955,5205,33,1.07,8
Louisiana Tech (C-USA)_2019,13,10,3,9,53,941,4910,35,2.23,35
Louisville (ACC)_2019,13,8,5,11,102,904,5719,58,3,24
LSU (SEC)_2019,15,15,0,5,31,1008,5153,42,2.33,1
Marshall (C-USA)_2019,13,8,5,6,57,891,4935,41,1.92,73
Maryland (Big Ten)_2019,12,3,9,6,109,906,5390,53,3.17,109
Massachusetts (FBS Independent)_2019,12,1,11,11,130,867,6734,86,2.25,126
Memphis (AAC)_2019,14,12,2,8,61,999,5369,45,1.93,10
Miami (FL) (ACC)_2019,13,6,7,10,13,849,4028,30,3.92,98
Miami (OH) (MAC)_2019,14,8,6,9,60,1014,5347,52,2.21,122
Michigan (Big Ten)_2019,13,9,4,11,11,846,3994,37,1.92,68
Michigan St. (Big Ten)_2019,13,7,6,10,18,843,4181,37,1.38,95
Middle Tenn. (C-USA)_2019,12,4,8,9,114,888,5512,43,1.83,59
Minnesota (Big Ten)_2019,13,11,2,5,10,787,3986,37,2.31,42
Mississippi St. (SEC)_2019,13,6,7,14,73,824,5189,49,2.38,70
Missouri (SEC)_2019,12,6,6,7,14,771,3744,28,2.25,93
Navy (AAC)_2019,13,11,2,10,16,777,4084,36,1.31,19
NC State (ACC)_2019,12,4,8,4,72,857,4787,46,1.5,88
Nebraska (Big Ten)_2019,12,5,7,10,64,832,4666,41,2.33,55
Nevada (Mountain West)_2019,13,7,6,8,75,857,5201,52,2.54,101
New Mexico (Mountain West)_2019,12,2,10,7,129,868,5828,59,1.5,69
New Mexico St. (FBS Independent)_2019,12,2,10,7,126,875,5759,61,2.58,102
North Carolina (ACC)_2019,13,7,6,6,49,893,4851,38,2.85,12
North Texas (C-USA)_2019,12,4,8,9,81,860,4931,50,2.17,54
Northern Ill. (MAC)_2019,12,5,7,9,63,763,4638,43,2,104
Northwestern (Big Ten)_2019,12,3,9,7,25,796,4028,34,1.92,124
Notre Dame (FBS Independent)_2019,13,11,2,19,18,894,4181,26,1.23,43
Ohio (MAC)_2019,13,7,6,10,76,882,5248,43,1.62,29
Ohio St. (Big Ten)_2019,14,13,1,10,1,881,3636,23,2.5,4
Oklahoma (Big 12)_2019,14,12,2,4,38,886,4990,48,1.64,3
Oklahoma St. (Big 12)_2019,13,8,5,7,82,926,5360,43,2,21
Old Dominion (C-USA)_2019,12,1,11,9,46,787,4453,45,4.33,128
Ole Miss (SEC)_2019,12,4,8,6,85,859,5001,39,1.75,26
Oregon (Pac-12)_2019,14,12,2,7,22,973,4607,24,1.79,40
Oregon St. (Pac-12)_2019,12,5,7,8,108,884,5348,52,2.08,58
Penn St. (Big Ten)_2019,13,11,2,12,34,935,4504,23,2.46,57
Pittsburgh (ACC)_2019,13,8,5,5,15,905,4068,33,2.23,87
Purdue (Big Ten)_2019,12,4,8,6,100,869,5235,46,2.33,75
Rice (C-USA)_2019,12,3,9,5,58,764,4563,40,2.83,125
Rutgers (Big Ten)_2019,12,2,10,4,98,837,5203,59,2.17,129
San Diego St. (Mountain West)_2019,13,10,3,9,5,804,3741,19,1.62,110
San Jose St. (Mountain West)_2019,12,5,7,7,106,918,5325,49,1.17,50
SMU (AAC)_2019,13,10,3,12,107,1004,5785,53,1.31,9
South Alabama (Sun Belt)_2019,12,2,10,7,79,850,4905,44,2.33,113
South Carolina (SEC)_2019,12,4,8,5,66,854,4719,37,2.08,96
South Fla. (AAC)_2019,12,4,8,12,71,887,4777,45,3.75,112
Southern California (Pac-12)_2019,13,8,5,7,78,928,5313,47,2.15,20
Southern Miss. (C-USA)_2019,13,7,6,5,37,803,4583,44,1.77,63
Stanford (Pac-12)_2019,12,4,8,4,93,819,5163,45,2.42,97
Syracuse (ACC)_2019,12,5,7,12,115,918,5569,47,4.17,71
TCU (Big 12)_2019,12,5,7,4,27,769,4043,39,2.5,62
Temple (AAC)_2019,13,8,5,12,54,996,4912,43,1.62,77
Tennessee (SEC)_2019,13,8,5,4,23,868,4348,34,1.62,100
Texas (Big 12)_2019,13,8,5,7,97,918,5609,42,2.77,14
Texas A&M (SEC)_2019,13,8,5,4,29,842,4423,35,2.62,72
Texas St. (Sun Belt)_2019,12,3,9,8,86,875,5005,51,2.5,121
Texas Tech (Big 12)_2019,12,4,8,5,127,874,5764,46,1.5,11
Toledo (MAC)_2019,12,6,6,4,123,862,5708,50,2.42,36
Troy (Sun Belt)_2019,12,5,7,5,99,840,5210,53,2.25,18
Tulane (AAC)_2019,13,7,6,4,51,892,4901,43,2.15,22
Tulsa (AAC)_2019,12,4,8,13,70,835,4737,48,3.25,53
UAB (C-USA)_2019,14,9,5,13,8,897,4226,38,1.79,105
UCF (AAC)_2019,13,10,3,8,32,985,4499,36,1.85,2
UCLA (Pac-12)_2019,12,4,8,9,113,816,5475,55,3.08,65
UConn (AAC)_2019,12,2,10,7,116,800,5602,67,2.75,108
UNLV (Mountain West)_2019,12,4,8,5,105,848,5308,49,2.42,92
Utah (Pac-12)_2019,14,11,3,8,2,813,3769,25,1.86,48
Utah St. (Mountain West)_2019,13,7,6,13,103,1016,5727,53,1.77,44
UTEP (C-USA)_2019,12,1,11,5,95,765,5170,54,2.92,116
UTSA (C-USA)_2019,12,4,8,11,92,790,5149,51,2.58,107
Vanderbilt (SEC)_2019,12,3,9,5,101,798,5239,50,2.33,123
Virginia (ACC)_2019,14,9,5,6,48,906,5206,48,2.93,81
Virginia Tech (ACC)_2019,13,8,5,5,42,898,4723,41,2.23,86
Wake Forest (ACC)_2019,13,8,5,11,84,936,5414,47,1.77,15
Washington (Pac-12)_2019,13,8,5,9,35,887,4532,30,1.69,79
Washington St. (Pac-12)_2019,13,6,7,9,111,886,5882,53,1.54,7
West Virginia (Big 12)_2019,12,5,7,6,74,874,4792,43,1.75,119
Western Ky. (C-USA)_2019,13,9,4,4,24,835,4361,32,1.54,84
Western Mich. (MAC)_2019,13,7,6,9,87,932,5456,40,1.38,25
Wisconsin (Big Ten)_2019,14,10,4,10,4,839,4020,30,1.43,38
Wyoming (Mountain West)_2019,13,8,5,8,43,941,4729,25,1.62,106
Air Force (Mountain West)_2020,6,3,3,3,8,360,1820,12,0.33,73
Akron (MAC)_2020,6,1,5,4,110,365,2759,34,4.33,121
Alabama (SEC)_2020,11,11,0,10,33,767,3863,25,1.45,5
App State (Sun Belt)_2020,12,9,3,3,18,798,3946,30,1.75,26
Arizona (Pac-12)_2020,5,0,5,1,116,351,2365,26,3.6,86
Arizona St. (Pac-12)_2020,4,2,2,8,89,322,1743,13,1.5,20
Arkansas (SEC)_2020,10,3,7,5,105,799,4517,43,3.4,67
Arkansas St. (Sun Belt)_2020,11,4,7,6,115,821,5171,53,2.64,13
Army West Point (FBS Independent)_2020,11,9,2,5,2,592,2982,20,0.82,112
Auburn (SEC)_2020,10,6,4,4,61,708,4009,31,1.9,75
Ball St. (MAC)_2020,7,6,1,8,93,511,3092,25,3.57,24
Baylor (Big 12)_2020,9,2,7,5,50,625,3451,33,3.44,118
Boise St. (Mountain West)_2020,7,5,2,0,44,497,2613,23,2,98
Boston College (ACC)_2020,11,6,5,12,73,750,4585,39,2.55,74
Bowling Green (MAC)_2020,5,0,5,1,117,356,2379,30,2,111
Buffalo (MAC)_2020,7,6,1,4,36,483,2513,19,0.14,17
BYU (FBS Independent)_2020,12,11,1,10,13,793,3809,23,1,7
California (Pac-12)_2020,4,1,3,2,41,258,1468,14,3.75,115
Central Mich. (MAC)_2020,6,3,3,7,83,439,2566,23,2.33,46
Charlotte (C-USA)_2020,6,2,4,3,76,384,2517,26,2.67,81
Cincinnati (AAC)_2020,9,9,0,4,11,647,2830,16,1.22,19
Clemson (ACC)_2020,11,10,1,9,6,709,3283,23,1.64,10
Coastal Carolina (Sun Belt)_2020,11,11,0,8,25,699,3748,25,1.09,27
Colorado (Pac-12)_2020,5,4,1,4,45,348,1884,15,1.2,45
Colorado St. (Mountain West)_2020,4,1,3,4,35,298,1435,18,3,114
Duke (ACC)_2020,11,2,9,11,97,783,4893,56,3.36,80
East Carolina (AAC)_2020,9,3,6,8,101,648,4026,42,2.56,58
Eastern Mich. (MAC)_2020,6,2,4,9,122,460,2941,27,2.83,61
FIU (C-USA)_2020,5,0,5,1,79,367,2114,19,3.8,122
Fla. Atlantic (C-USA)_2020,9,5,4,5,28,601,3080,17,2.22,113
Florida (SEC)_2020,11,8,3,5,63,782,4452,41,1.73,9
Florida St. (ACC)_2020,9,3,6,6,106,635,4107,43,3.22,62
Fresno St. (Mountain West)_2020,6,3,3,6,84,420,2580,23,4,16
Ga. Southern (Sun Belt)_2020,13,8,5,8,15,828,4234,33,1.23,84
Georgia (SEC)_2020,9,7,2,3,14,597,2905,21,1.89,44
Georgia St. (Sun Belt)_2020,9,5,4,8,81,672,3819,40,1.22,48
Georgia Tech (ACC)_2020,10,3,7,12,109,784,4593,46,2.3,72
Hawaii (Mountain West)_2020,9,5,4,5,68,645,3679,31,3.11,77
Houston (AAC)_2020,8,3,5,3,58,552,3188,33,2.25,54
Illinois (Big Ten)_2020,8,2,6,8,114,572,3753,37,1.88,98
Indiana (Big Ten)_2020,7,6,1,3,37,468,2532,18,1.14,95
Iowa (Big Ten)_2020,8,6,2,7,10,578,2510,17,1.38,87
Iowa St. (Big 12)_2020,11,8,3,6,29,715,3773,29,1.36,31
Kansas (Big 12)_2020,9,0,9,6,108,623,4133,52,5.22,126
Kansas St. (Big 12)_2020,10,4,6,5,96,728,4447,42,1.4,106
Kent St. (MAC)_2020,4,3,1,2,80,261,1696,21,1.25,1
Kentucky (SEC)_2020,10,4,6,6,53,698,3870,35,1.7,117
Liberty (FBS Independent)_2020,10,9,1,6,7,602,3012,26,2.1,14
Louisiana (Sun Belt)_2020,10,9,1,6,31,730,3478,27,0.9,43
Louisiana Tech (C-USA)_2020,10,5,5,5,82,699,4273,45,2.9,116
Louisville (ACC)_2020,11,4,7,7,42,704,4060,35,2.73,28
LSU (SEC)_2020,10,5,5,9,124,678,4920,45,2.5,35
Marshall (C-USA)_2020,10,7,3,10,3,635,2794,15,1.2,70
Maryland (Big Ten)_2020,5,2,3,2,84,401,2150,20,3.2,53
Massachusetts (FBS Independent)_2020,4,0,4,3,118,279,1928,21,2.5,127
Memphis (AAC)_2020,11,8,3,8,87,841,4777,39,1.82,25
Miami (FL) (ACC)_2020,10,8,2,9,65,720,4074,32,2.9,36
Miami (OH) (MAC)_2020,3,2,1,0,55,195,1181,11,1.33,90
Michigan (Big Ten)_2020,6,2,4,2,88,466,2606,26,1.33,78
Michigan St. (Big Ten)_2020,7,2,5,6,57,527,2777,32,2.29,109
Middle Tenn. (C-USA)_2020,9,3,6,6,99,663,4014,41,2.56,89
Minnesota (Big Ten)_2020,7,3,4,2,72,422,2911,28,1.86,65
Mississippi St. (SEC)_2020,10,3,7,7,47,694,3803,35,3,103
Missouri (SEC)_2020,10,5,5,5,67,669,4080,42,1.6,59
Navy (AAC)_2020,10,3,7,6,51,644,3855,34,2.3,124
NC State (ACC)_2020,11,8,3,3,74,841,4600,39,2.64,69
Nebraska (Big Ten)_2020,8,3,5,2,52,566,3092,27,2,67
Nevada (Mountain West)_2020,9,7,2,3,46,630,3399,26,2.22,30
New Mexico (Mountain West)_2020,7,2,5,7,100,460,3130,28,2.29,64
North Carolina (ACC)_2020,11,8,3,3,56,768,4354,39,2.73,4
North Texas (C-USA)_2020,10,4,6,2,126,752,5221,58,1.7,8
Northern Ill. (MAC)_2020,6,0,6,2,75,379,2513,30,2.33,88
Northwestern (Big Ten)_2020,8,6,2,4,23,563,2710,12,1.5,100
Notre Dame (ACC)_2020,11,10,1,10,20,687,3686,23,2.18,22
Ohio (MAC)_2020,3,2,1,1,54,213,1167,6,3,92
Ohio St. (Big Ten)_2020,6,6,0,10,34,396,2148,16,3,6
Oklahoma (Big 12)_2020,10,8,2,3,19,659,3336,28,2.2,18
Oklahoma St. (Big 12)_2020,10,7,3,8,40,706,3657,28,2.4,40
Ole Miss (SEC)_2020,9,4,5,6,127,693,4821,48,1.89,3
Oregon (Pac-12)_2020,6,4,2,2,69,446,2457,21,1.67,38
Oregon St. (Pac-12)_2020,7,2,5,1,94,477,3096,29,1.71,55
Penn St. (Big Ten)_2020,9,4,5,6,17,585,2959,31,3.11,37
Pittsburgh (ACC)_2020,11,6,5,6,24,765,3735,35,2.36,79
Purdue (Big Ten)_2020,6,2,4,5,59,445,2394,22,2,71
Rice (C-USA)_2020,5,2,3,3,27,300,1708,11,3.4,107
Rutgers (Big Ten)_2020,9,3,6,12,103,687,4042,36,2.44,105
San Diego St. (Mountain West)_2020,8,4,4,5,4,520,2268,16,2.12,97
San Jose St. (Mountain West)_2020,7,7,0,6,22,489,2367,15,1,29
SMU (AAC)_2020,10,7,3,10,78,748,4222,41,2.1,11
South Alabama (Sun Belt)_2020,11,4,7,7,90,745,4800,37,3.64,94
South Carolina (SEC)_2020,10,2,8,3,104,688,4515,47,2.7,96
South Fla. (AAC)_2020,9,1,8,3,92,656,3973,47,3.33,90
Southern California (Pac-12)_2020,6,5,1,7,43,404,2218,19,2.5,49
Southern Miss. (C-USA)_2020,10,3,7,7,62,697,4017,42,2.4,83
Stanford (Pac-12)_2020,6,4,2,5,91,400,2632,25,1.67,47
Syracuse (ACC)_2020,11,1,10,11,112,877,5103,45,3.45,125
TCU (Big 12)_2020,10,6,4,7,32,659,3509,29,2.3,51
Temple (AAC)_2020,7,1,6,9,86,473,3031,34,1.71,101
Tennessee (SEC)_2020,10,3,7,5,65,699,4074,35,2.9,104
Texas (Big 12)_2020,9,6,3,8,70,700,3688,31,2.22,21
Texas A&M (SEC)_2020,9,8,1,4,12,528,2849,24,0.44,33
Texas St. (Sun Belt)_2020,12,2,10,8,125,939,5939,58,2.25,85
Texas Tech (Big 12)_2020,10,4,6,5,98,777,4449,45,1.6,39
Toledo (MAC)_2020,6,4,2,5,38,406,2173,18,2.5,12
Troy (Sun Belt)_2020,11,5,6,6,64,806,4456,34,2,66
Tulane (AAC)_2020,12,6,6,10,77,900,5064,45,2.92,63
Tulsa (AAC)_2020,8,6,2,10,26,578,2726,17,2,56
UAB (C-USA)_2020,9,6,3,6,9,597,2800,23,0.44,60
UCF (AAC)_2020,10,6,4,13,123,794,4918,44,2.2,2
UCLA (Pac-12)_2020,7,3,4,2,71,527,2869,28,1.71,23
ULM (Sun Belt)_2020,10,0,10,7,113,678,4646,56,2.7,119
UNLV (Mountain West)_2020,6,0,6,3,119,404,2893,28,4.83,108
Utah (Pac-12)_2020,5,3,2,6,39,332,1825,16,1.4,52
Utah St. (Mountain West)_2020,6,1,5,2,120,444,2912,28,2.33,123
UTEP (C-USA)_2020,8,3,5,6,49,499,3050,33,1.5,102
UTSA (C-USA)_2020,11,7,4,7,48,749,4189,36,2,50
Vanderbilt (SEC)_2020,9,0,9,7,121,603,4387,44,2.11,110
Virginia (ACC)_2020,10,5,5,7,95,693,4429,34,2,41
Virginia Tech (ACC)_2020,11,5,6,5,102,795,4922,45,2,32
Wake Forest (ACC)_2020,8,4,4,4,107,599,3655,31,3.25,34
Washington (Pac-12)_2020,4,3,1,5,30,259,1385,14,0.25,57
Washington St. (Pac-12)_2020,4,1,3,4,111,276,1847,21,2.25,76
West Virginia (Big 12)_2020,9,5,4,2,5,561,2675,23,2,42
Western Ky. (C-USA)_2020,11,5,6,4,21,741,3700,34,2.27,120
Western Mich. (MAC)_2020,6,4,2,1,60,428,2398,25,1.17,15
Wisconsin (Big Ten)_2020,6,3,3,4,1,332,1581,11,2,93
Wyoming (Mountain West)_2020,6,2,4,6,16,399,1968,16,2.67,82
