,Off Rank,Team,Games,Win-Loss,Off Plays,Off Yards,Off Yards/Play,Off TDs,Off Yards per Game,Def Rank,Def Plays,Yards Allowed,Yards/Play Allowed,Off TDs Allowed,Total TDs Allowed,Yards Per Game Allowed,3rd Down Rank,3rd Attempts,3rd Conversions,3rd Percent,3rd Down Def Rank,Opp 3rd Conversion,Opp 3rd Attempt,Opponent 3rd Percent,4th Down Rank,4th Attempts,4th Conversions,4th Percent,4rd Down Def Rank,Opp 4th Conversion,Opp 4th Attempt,Opponent 4th Percent,Penalty Rank,Penalties,Penalty Yards,Penalty Yards Per Game,First Down Def Rank,Opp First Down Runs,Opp First Down Passes,Opp First Down Penalties,Opp First Downs,First Down Rank,First Down Runs,First Down Passes,First Down Penalties,First Downs,Kickoff Return Def Rank,Opp Kickoff Returns,Kickoff Touchbacks_x,Opponent Kickoff Return Yards,Opp Kickoff Return Touchdowns Allowed,Avg Yards per Kickoff Return Allowed,Kickoff Return Rank,Kickoffs Returned,Kickoff Touchbacks_y,Kickoff Return Yards,Kickoff Return Touchdowns,Avg Yard per Kickoff Return,Passing Off Rank,Pass Attempts,Pass Completions,Interceptions Thrown_x,Pass Yards,Pass Yards/Attempt,Yards/Completion,Pass Touchdowns,Pass Yards Per Game,Pass Def Rank,Opp Completions Allowed,Opp Pass Attempts,Opp Pass Yds Allowed,Opp Pass TDs Allowed,Yards/Attempt Allowed,Yards/Completion Allowed,Pass Yards Per Game Allowed,Punt Return Def Rank,Opp Punt Returns,Opp Net Punt Return Yards,Opp Punt Return Touchdowns Allowed,Avg Yards Allowed per Punt Return,Punt Return Rank,Punt Returns,Net Punt Return Yards,Punt Return Touchdowns,Avg Yards Per Punt Return,Redzone Def Rank,Opp Redzone Attempts,Opp Redzone Rush TD Allowed,Opp Redzone Pass Touchdowns Allowed,Opp Redzone Field Goals Made,Opp Redzone Scores,Redzone Points Allowed,Redzone Off Rank,Redzone Attempts,Redzone Rush TD,Redzone Pass TD,Redzone Field Goals Made,Redzone Scores,Redzone Points,Rushing Def Rank,Opp Rush Attempts,Opp Rush Yards Alloweed,Yds/Rush Allowed,Opp Rush Touchdowns Allowed,Rush Yards Per Game Allowed,Rushing Off Rank,Rush Attempts,Rush Yds,Yards/Rush,Rushing TD,Rushing Yards per Game,Scoring Def Rank,Touchdowns Allowed,Opponent Extra Points,2 Point Conversions Allowed,Opp Deflected Extra Points,Opp Feild Goals Made,Opp Safety,Points Allowed,Avg Points per Game Allowed,Scoring Off Rank,Touchdowns,PAT,2 Point Conversions,Defensive Points,Feild Goals,Safety,Total Points,Points Per Game,Sack Rank,Sacks,Sack Yards,Average Sacks per Game,Tackle for Loss Rank,Solo Tackle For Loss,Assist Tackle For Loss,Tackle for Loss Yards,Total Tackle For Loss,Tackle For Loss Per Game,Time of Possession Rank,Time of Possession,Average Time of Possession per Game,Turnover Rank,Fumbles Recovered,Opponents Intercepted,Turnovers Gain,Fumbles Lost,Interceptions Thrown_y,Turnovers Lost,Turnover Margin,Avg Turnover Margin per Game
0,1,LSU (SEC),13,10-3,841,7065,8.40,78,543.5,105,882,5416,6.14,47,47,416.6,2,129,71,0.550,114,78,174,0.448,106,6,15,0.400,31,13,30,0.433,67,79,672,51.69,103,116,144,14,274,103,116,144,14,274,75,35,52,723,0,20.66,75,35,52,723,0,20.66,3,411,286,5,4406,10.72,15.41,44,338.9,115,268,420,3323,23,7.91,12.40,255.6,2,2,-1,0,-0.50,2,2,-1,0,-0.50,109,46,17,16,8,41,0.891,20,65,30,19,10,59,0.908,85,462,2093,4.53,24,161.0,10,430,2659,6.18,34,204.5,78,47,41,4,0,11,0,364,28.0,1,79,78,1,0,12,1,592,45.5,43,22,96,1.69,65,53,40,302,73,5.6,94,375:09,28:51,23,4,10,14,3,5,8,6,0.46
1,2,Oregon (Pac-12),14,12-2,951,7440,7.82,82,531.4,22,893,4458,4.99,26,27,318.4,3,155,79,0.510,36,68,190,0.358,6,19,25,0.760,49,18,38,0.474,106,93,848,60.57,64,84,140,29,253,64,84,140,29,253,13,27,73,437,0,16.19,13,27,73,437,0,16.19,1,514,397,5,4857,9.45,12.23,49,346.9,54,296,492,3022,16,6.14,10.21,215.9,120,7,96,0,13.71,120,7,96,0,13.71,68,42,10,13,12,35,0.833,40,74,27,29,9,65,0.878,10,401,1436,3.58,10,102.6,29,437,2583,5.91,33,184.5,9,27,20,2,0,15,0,231,16.5,2,83,75,5,0,12,0,619,44.2,1,5,31,0.36,100,58,26,367,71,5.1,41,434:35,31:03,9,6,12,18,2,5,7,11,0.79
2,3,Oklahoma (Big 12),13,10-3,974,6591,6.77,66,507.0,77,935,5062,5.41,32,35,389.4,7,177,87,0.492,14,61,196,0.311,12,13,19,0.684,72,18,34,0.529,97,88,760,58.46,79,95,141,24,260,79,95,141,24,260,37,24,51,432,0,18.00,37,24,51,432,0,18.00,6,453,310,9,4223,9.32,13.62,34,324.8,109,269,474,3260,18,6.88,12.12,250.8,25,16,75,1,4.69,25,16,75,1,4.69,43,42,11,11,12,34,0.810,26,67,29,17,14,60,0.896,42,461,1802,3.91,14,138.6,34,521,2368,4.55,32,182.2,46,35,26,3,0,21,0,305,23.5,4,71,69,0,0,15,1,542,41.7,35,20,122,1.54,7,70,56,324,98,7.5,89,377:47,29:04,23,6,20,26,11,9,20,6,0.46
3,4,Liberty (CUSA),14,13-1,973,6988,7.18,71,499.1,58,911,5217,5.73,44,45,372.6,4,156,78,0.500,56,70,184,0.380,64,11,21,0.524,40,17,37,0.459,117,88,875,62.50,117,105,148,31,284,117,105,148,31,284,7,37,31,564,0,15.24,7,37,31,564,0,15.24,88,303,178,6,2882,9.51,16.19,32,205.9,116,299,507,3583,31,7.07,11.98,255.9,21,8,36,0,4.50,21,8,36,0,4.50,49,49,11,21,8,40,0.816,78,66,33,15,6,54,0.818,24,404,1634,4.04,13,116.7,1,670,4106,6.13,39,293.3,49,44,36,2,0,10,0,334,23.9,9,73,71,0,0,9,0,536,38.3,2,9,65,0.64,64,56,46,259,79,5.6,8,463:00,33:04,21,4,21,25,12,6,18,7,0.50
4,5,Georgia (SEC),14,13-1,958,6951,7.26,69,496.5,9,848,4047,4.77,26,26,289.1,1,165,91,0.552,1,45,175,0.257,7,9,12,0.750,89,17,30,0.567,29,62,606,43.29,26,94,113,17,224,26,94,113,17,224,20,21,68,350,0,16.67,20,21,68,350,0,16.67,11,457,328,7,4274,9.35,13.03,29,305.3,9,234,426,2456,13,5.77,10.50,175.4,4,0,0,0,0.00,4,0,0,0,0.00,119,36,12,9,12,33,0.917,19,81,37,19,18,74,0.914,18,422,1591,3.77,13,113.6,20,501,2677,5.34,40,191.2,5,26,22,1,0,13,0,219,15.6,5,71,71,0,0,21,1,562,40.1,7,13,83,0.93,96,61,22,319,72,5.1,2,468:38,33:28,43,3,14,17,7,7,14,3,0.21
5,6,North Texas (AAC),12,5-7,911,5950,6.53,52,495.8,130,872,5717,6.56,59,60,476.4,43,173,73,0.422,121,78,169,0.462,37,21,35,0.600,101,16,27,0.593,46,57,559,46.58,112,151,117,13,281,112,151,117,13,281,1,5,71,56,0,11.20,1,5,71,56,0,11.20,12,462,284,9,3656,7.91,12.87,33,304.7,63,191,328,2655,22,8.09,13.90,221.2,27,4,19,0,4.75,27,4,19,0,4.75,102,48,25,10,7,42,0.875,23,49,11,21,12,44,0.898,130,544,3062,5.63,37,255.2,21,449,2294,5.11,19,191.2,128,60,52,3,0,9,0,445,37.1,21,52,46,4,0,16,0,414,34.5,111,38,249,3.17,123,40,22,155,51,4.2,82,350:24,29:12,101,4,10,14,10,9,19,-5,-0.42
6,7,North Carolina (ACC),13,8-5,958,6386,6.67,54,491.2,94,935,5257,5.62,41,43,404.4,9,188,91,0.484,60,71,184,0.386,95,9,20,0.450,64,17,33,0.515,121,93,862,66.31,123,113,150,28,291,123,113,150,28,291,127,19,58,485,1,25.53,127,19,58,485,1,25.53,14,460,292,11,3889,8.45,13.32,26,299.2,94,268,431,3136,20,7.28,11.70,241.2,102,10,113,1,11.30,102,10,113,1,11.30,35,55,18,13,13,44,0.800,36,59,24,12,16,52,0.881,90,504,2121,4.21,21,163.2,19,498,2497,5.01,28,192.1,72,43,39,2,0,18,0,355,27.3,20,55,51,1,0,22,0,449,34.5,108,37,184,2.85,65,59,28,321,73,5.6,102,371:57,28:37,30,10,12,22,6,11,17,5,0.38
7,8,UCF (Big 12),13,6-7,895,6331,7.07,52,487.0,81,882,5083,5.76,38,40,391.0,4,166,83,0.500,70,68,172,0.395,51,13,23,0.565,96,14,24,0.583,60,79,651,50.08,115,139,124,20,283,115,139,124,20,283,110,29,38,662,0,22.83,110,29,38,662,0,22.83,41,366,229,11,3364,9.19,14.69,24,258.8,25,210,366,2557,12,6.99,12.18,196.7,107,14,165,1,11.79,107,14,165,1,11.79,57,56,23,7,16,46,0.821,113,53,22,10,8,40,0.755,122,516,2526,4.90,26,194.3,4,529,2967,5.61,28,228.2,59,40,34,2,0,19,0,335,25.8,41,53,48,0,1,13,0,405,31.3,56,25,190,1.92,79,55,32,316,71,5.5,93,375:25,28:53,78,4,12,16,7,11,18,-2,-0.15
8,9,Texas (Big 12),14,12-2,1002,6685,6.67,54,477.5,34,900,4714,5.24,30,30,336.7,70,185,71,0.384,2,47,177,0.266,33,19,31,0.613,44,13,28,0.464,70,92,731,52.21,56,72,156,20,248,56,72,156,20,248,68,31,50,614,0,19.81,68,31,50,614,0,19.81,17,475,317,9,4047,8.52,12.77,25,289.1,113,307,503,3561,21,7.08,11.60,254.4,35,14,76,0,5.43,35,14,76,0,5.43,7,42,7,12,12,31,0.738,87,61,19,12,18,49,0.803,3,397,1153,2.90,9,82.4,24,527,2638,5.01,29,188.4,15,30,26,1,0,19,0,265,18.9,15,59,56,1,1,29,0,499,35.8,60,28,165,2.00,41,68,34,330,85,6.1,36,437:04,31:13,29,8,16,24,9,9,18,6,0.43
9,10,Southern California (Pac-12),13,8-5,823,6079,7.39,70,467.6,116,923,5627,6.10,56,59,432.8,34,143,62,0.434,106,79,181,0.436,34,11,18,0.611,107,17,28,0.607,123,98,889,68.38,124,127,134,34,295,124,127,134,34,295,99,42,27,925,1,22.02,99,42,27,925,1,22.02,5,461,314,6,4329,9.39,13.79,37,333.0,101,267,417,3203,31,7.68,12.00,246.4,29,6,30,0,5.00,29,6,30,0,5.00,116,55,21,17,12,50,0.909,50,60,26,19,7,52,0.867,116,506,2424,4.79,25,186.5,91,362,1750,4.83,33,134.6,118,59,51,3,0,12,0,447,34.4,3,74,66,2,0,10,0,544,41.8,98,33,258,2.54,24,70,30,370,85,6.5,117,359:38,27:40,72,9,7,16,11,6,17,-1,-0.08
10,11,TCU (Big 12),12,5-7,909,5600,6.16,46,466.7,100,867,4900,5.65,37,39,408.3,14,176,82,0.466,69,71,180,0.394,69,16,32,0.500,14,12,31,0.387,73,74,643,53.58,64,102,124,27,253,64,102,124,27,253,117,19,46,449,1,23.63,117,19,46,449,1,23.63,7,503,319,15,3746,7.45,11.74,27,312.2,110,239,400,3044,16,7.61,12.74,253.7,68,10,79,0,7.90,68,10,79,0,7.90,96,45,18,8,13,39,0.867,121,51,13,17,7,37,0.725,75,467,1856,3.97,21,154.7,70,406,1854,4.57,19,154.5,76,39,36,2,0,20,0,334,27.8,40,48,44,1,0,14,0,376,31.3,38,19,104,1.58,75,56,20,254,66,5.5,122,328:03,27:20,117,4,8,12,4,15,19,-7,-0.58
11,12,Washington (Pac-12),15,14-1,985,6931,7.04,66,462.1,96,1057,6101,5.77,48,48,406.7,28,172,76,0.442,63,80,207,0.386,26,14,22,0.636,19,15,37,0.405,124,112,1029,68.60,130,124,168,40,332,130,124,168,40,332,12,41,48,663,0,16.17,12,41,48,663,0,16.17,2,574,376,12,5155,8.98,13.71,38,343.7,117,345,583,3879,23,6.65,11.24,258.6,14,8,24,0,3.00,14,8,24,0,3.00,84,54,23,14,9,46,0.852,55,73,27,22,14,63,0.863,58,474,2222,4.69,25,148.1,104,411,1776,4.32,28,118.4,54,48,41,2,0,13,0,372,24.8,13,69,64,2,0,18,2,540,36.0,5,12,86,0.80,118,53,24,229,65,4.3,63,452:00,30:08,66,4,16,20,8,12,20,0,0.00
12,13,Ole Miss (SEC),13,11-2,929,6005,6.46,55,461.9,68,910,4969,5.46,36,37,382.2,83,175,65,0.371,65,73,187,0.390,11,25,36,0.694,23,12,29,0.414,100,94,768,59.08,89,108,135,22,265,89,108,135,22,265,4,12,73,171,0,14.25,4,12,73,171,0,14.25,19,394,256,6,3713,9.42,14.50,26,285.6,75,252,414,2983,17,7.21,11.84,229.5,92,15,149,0,9.93,92,15,149,0,9.93,86,41,16,10,9,35,0.854,36,59,25,14,13,52,0.881,71,496,1986,4.00,19,152.8,39,535,2292,4.28,29,176.3,34,36,34,2,0,11,0,287,22.1,16,57,51,3,0,19,0,456,35.1,67,27,177,2.08,29,65,34,361,82,6.3,116,360:32,27:44,5,5,13,18,1,6,7,11,0.85
13,14,Memphis (AAC),13,10-3,910,5960,6.55,64,458.5,111,879,5502,6.26,46,48,423.2,21,172,78,0.453,24,55,165,0.333,22,18,28,0.643,4,9,31,0.290,17,53,536,41.23,83,99,142,20,261,83,99,142,20,261,63,46,22,896,0,19.48,63,46,22,896,0,19.48,10,481,321,10,3984,8.28,12.41,33,306.5,121,261,433,3484,25,8.05,13.35,268.0,69,9,73,0,8.11,69,9,73,0,8.11,68,48,16,14,10,40,0.833,43,63,28,20,7,55,0.873,77,446,2018,4.52,21,155.2,75,429,1976,4.61,31,152.0,92,48,40,5,0,12,0,374,28.8,6,67,61,2,0,13,0,512,39.4,31,19,88,1.46,61,61,26,282,74,5.7,39,404:49,31:08,30,9,11,20,5,10,15,5,0.38
14,15,Texas St. (Sun Belt),13,8-5,958,5949,6.21,57,457.6,91,906,5169,5.71,50,56,397.6,30,184,81,0.440,123,88,188,0.468,18,21,32,0.656,47,15,32,0.469,125,95,900,69.23,118,109,140,38,287,118,109,140,38,287,113,49,18,1133,1,23.12,113,49,18,1133,1,23.12,28,429,287,9,3522,8.21,12.27,24,270.9,100,271,417,3202,24,7.68,11.82,246.3,46,12,77,0,6.42,46,12,77,0,6.42,90,55,21,18,8,47,0.855,47,61,26,15,12,53,0.869,69,489,1967,4.02,26,151.3,26,529,2427,4.59,33,186.7,112,56,46,3,0,13,0,427,32.8,11,62,58,1,0,15,0,477,36.7,86,30,164,2.31,2,83,50,466,108,8.3,83,379:25,29:11,72,11,11,22,14,9,23,-1,-0.08
15,16,SMU (AAC),14,11-3,1020,6360,6.24,62,454.3,12,927,4258,4.59,31,32,304.1,38,197,85,0.431,4,57,203,0.281,36,17,28,0.607,82,21,38,0.553,16,65,577,41.21,34,92,120,21,233,34,92,120,21,233,69,33,53,657,0,19.91,69,33,53,657,0,19.91,22,465,274,8,3897,8.38,14.22,33,278.4,13,247,428,2551,17,5.96,10.33,182.2,90,17,164,1,9.65,90,17,164,1,9.65,25,36,12,10,6,28,0.778,8,58,25,15,14,54,0.931,28,499,1707,3.42,14,121.9,40,555,2463,4.44,29,175.9,11,32,28,1,0,9,0,249,17.8,8,68,66,1,0,20,0,542,38.7,13,16,106,1.14,16,81,36,394,99,7.1,64,421:22,30:06,43,5,12,17,6,8,14,3,0.21
16,17,South Fla. (AAC),13,7-6,1028,5871,5.71,50,451.6,115,926,5622,6.07,55,57,432.5,79,207,78,0.377,22,60,183,0.328,98,20,46,0.435,64,17,33,0.515,120,97,852,65.54,103,103,141,30,274,103,103,141,30,274,34,37,22,655,0,17.70,34,37,22,655,0,17.70,31,448,287,11,3494,7.80,12.17,27,268.8,129,279,466,3754,29,8.06,13.46,288.8,75,11,91,1,8.27,75,11,91,1,8.27,74,44,19,14,4,37,0.841,119,56,20,16,5,41,0.732,47,460,1868,4.06,26,143.7,32,580,2377,4.10,23,182.8,109,57,54,1,0,7,0,419,32.2,32,54,52,2,1,11,0,413,31.9,115,43,257,3.31,7,73,50,349,98,7.5,103,371:27,28:34,38,10,14,24,10,11,21,3,0.23
17,18,UAB (AAC),12,4-8,853,5400,6.33,46,450.0,118,846,5220,6.17,55,57,435.0,57,159,64,0.403,128,78,158,0.494,83,13,27,0.481,101,16,27,0.593,82,80,675,56.25,114,130,127,25,282,114,130,127,25,282,74,43,14,880,0,20.47,74,43,14,880,0,20.47,18,427,306,13,3467,8.12,11.33,22,288.9,88,241,389,2855,24,7.34,11.85,237.9,88,16,148,0,9.25,88,16,148,0,9.25,85,61,25,16,11,52,0.852,120,52,20,8,10,38,0.731,123,457,2365,5.18,31,197.1,60,426,1933,4.54,24,161.1,127,57,55,2,0,14,0,443,36.9,49,47,38,3,0,11,0,359,29.9,103,32,197,2.67,126,39,20,207,49,4.1,84,350:04,29:10,54,11,10,21,7,13,20,1,0.08
18,19,Tennessee (SEC),13,9-4,899,5825,6.48,45,448.1,32,877,4357,4.97,28,30,335.2,46,174,73,0.420,42,72,197,0.365,108,7,18,0.389,3,7,26,0.269,122,101,883,67.92,50,87,124,33,244,50,87,124,33,244,86,13,59,277,0,21.31,86,13,59,277,0,21.31,50,410,262,5,3162,7.71,12.07,22,243.2,64,270,414,2879,15,6.95,10.66,221.5,6,8,4,0,0.50,6,8,4,0,0.50,86,41,11,12,12,35,0.854,73,54,17,11,17,45,0.833,19,463,1478,3.19,13,113.7,9,489,2663,5.45,23,204.8,22,30,27,0,0,19,0,264,20.3,36,51,50,0,0,19,0,413,31.8,51,24,146,1.85,4,80,42,409,101,7.8,130,319:36,24:35,23,6,12,18,7,5,12,6,0.46
19,20,Arizona (Pac-12),13,10-3,862,5824,6.76,53,448.0,48,855,4653,5.44,34,34,357.9,8,162,79,0.488,93,73,176,0.415,14,10,15,0.667,5,6,20,0.300,72,82,689,53.00,70,90,136,29,255,70,90,136,29,255,5,9,73,130,0,14.44,5,9,73,130,0,14.44,8,464,332,11,4008,8.64,12.07,36,308.3,90,258,433,3116,15,7.20,12.08,239.7,118,11,145,0,13.18,118,11,145,0,13.18,17,50,19,9,10,38,0.760,10,57,13,25,15,53,0.930,25,422,1537,3.64,19,118.2,85,398,1816,4.56,17,139.7,29,34,29,4,0,11,0,274,21.1,18,55,53,2,0,19,0,450,34.6,60,26,169,2.00,61,61,26,363,74,5.7,51,397:38,30:35,30,10,9,19,3,11,14,5,0.38
20,21,Kansas (Big 12),13,9-4,810,5799,7.16,56,446.1,62,854,4917,5.76,42,42,378.2,10,145,70,0.483,97,69,166,0.416,114,7,19,0.368,103,12,20,0.600,89,73,740,56.92,93,109,132,26,267,93,109,132,26,267,39,16,57,289,0,18.06,39,16,57,289,0,18.06,54,311,200,11,3121,10.04,15.60,24,240.1,56,253,382,2817,16,7.37,11.13,216.7,1,2,-6,0,-3.00,1,2,-6,0,-3.00,130,50,22,13,14,49,0.980,57,50,22,12,9,43,0.860,88,472,2100,4.45,26,161.5,8,499,2678,5.37,32,206.0,64,42,30,4,2,17,0,345,26.5,17,61,53,0,0,11,0,452,34.8,19,16,124,1.23,65,61,24,288,73,5.6,48,398:30,30:39,61,4,14,18,6,11,17,1,0.08
21,22,App State (Sun Belt),14,9-5,1006,6238,6.20,57,445.6,63,924,5302,5.74,43,48,378.7,45,188,79,0.420,80,72,179,0.402,30,18,29,0.621,17,8,20,0.400,19,63,582,41.57,110,134,126,19,279,110,134,126,19,279,61,35,34,676,1,19.31,61,35,34,676,1,19.31,27,472,300,10,3830,8.11,12.77,34,273.6,29,258,422,2804,15,6.64,10.87,200.3,28,13,63,0,4.85,28,13,63,0,4.85,59,51,21,9,12,42,0.824,53,59,19,17,15,51,0.864,110,502,2498,4.98,28,178.4,48,534,2408,4.51,23,172.0,65,47,40,3,0,14,1,372,26.6,25,59,54,0,0,19,0,465,33.2,34,21,115,1.50,34,63,46,363,86,6.1,50,428:14,30:35,43,10,15,25,12,10,22,3,0.21
22,23,Kansas St. (Big 12),13,9-4,959,5788,6.04,62,445.2,57,841,4843,5.76,31,32,372.5,11,188,90,0.479,11,54,179,0.302,46,14,24,0.583,40,17,37,0.459,31,63,568,43.69,28,81,127,17,225,28,81,127,17,225,57,39,34,746,0,19.13,57,39,34,746,0,19.13,53,426,258,10,3135,7.36,12.15,30,241.2,68,247,438,2926,16,6.68,11.85,225.1,127,9,171,0,19.00,127,9,171,0,19.00,30,33,8,5,13,26,0.788,30,65,30,21,7,58,0.892,54,403,1917,4.76,15,147.5,11,533,2653,4.98,32,204.1,26,32,27,0,0,18,0,273,21.0,10,64,57,3,1,11,0,480,37.1,24,17,117,1.31,48,64,26,293,77,5.9,21,414:14,31:52,5,10,13,23,2,10,12,11,0.85
23,24,South Alabama (Sun Belt),13,7-6,897,5722,6.38,56,440.2,15,813,4072,5.01,30,34,313.2,35,173,75,0.434,27,60,176,0.341,27,17,27,0.630,13,8,21,0.381,99,88,765,58.85,10,80,105,25,210,10,80,105,25,210,62,34,36,661,1,19.44,62,34,36,661,1,19.44,32,428,291,11,3486,8.14,11.98,28,268.2,28,208,354,2594,19,7.33,12.47,199.5,8,6,9,0,1.50,8,6,9,0,1.50,23,31,10,5,9,24,0.774,22,50,24,15,6,45,0.900,19,459,1478,3.22,11,113.7,48,469,2236,4.77,28,172.0,26,34,31,1,0,12,0,273,21.0,27,56,46,3,0,14,0,430,33.1,90,31,196,2.38,24,61,48,279,85,6.5,52,396:59,30:32,47,9,13,22,9,11,20,2,0.15
24,25,Utah St. (Mountain West),13,6-7,932,5702,6.12,53,438.6,117,973,5630,5.79,58,59,433.1,91,184,67,0.364,100,84,198,0.424,53,18,32,0.562,48,8,17,0.471,127,97,921,70.85,128,153,119,33,305,128,153,119,33,305,73,24,31,489,0,20.38,73,24,31,489,0,20.38,43,436,269,19,3305,7.58,12.29,35,254.2,60,249,425,2855,27,6.72,11.47,219.6,123,15,223,1,14.87,123,15,223,1,14.87,43,63,25,15,11,51,0.810,50,45,10,17,12,39,0.867,126,548,2775,5.06,31,213.5,30,496,2397,4.83,18,184.4,120,59,54,2,0,13,0,451,34.7,26,56,48,4,0,13,0,431,33.2,117,44,240,3.38,33,60,40,267,80,6.2,126,349:03,26:51,99,10,10,20,6,19,25,-5,-0.38
25,26,Boise St. (Mountain West),14,8-6,932,6106,6.55,54,436.1,71,892,5392,6.04,42,45,385.1,16,185,85,0.459,64,70,181,0.387,2,9,11,0.818,24,10,24,0.417,6,52,448,32.00,76,99,145,15,259,76,99,145,15,259,124,32,41,797,1,24.91,124,32,41,797,1,24.91,65,372,216,13,3098,8.33,14.34,20,221.3,107,268,441,3505,19,7.95,13.08,250.4,98,19,201,0,10.58,98,19,201,0,10.58,45,48,22,10,7,39,0.812,33,53,27,7,13,47,0.887,38,451,1887,4.18,23,134.8,6,560,3008,5.37,34,214.9,55,44,40,0,0,16,0,352,25.1,31,54,48,3,0,24,0,450,32.1,13,16,88,1.14,34,68,36,324,86,6.1,35,437:22,31:14,86,8,11,19,9,13,22,-3,-0.21
26,27,West Virginia (Big 12),13,9-4,896,5650,6.31,50,434.6,66,856,4950,5.78,41,44,380.8,61,174,69,0.397,61,66,171,0.386,62,19,36,0.528,67,14,27,0.519,45,67,603,46.38,74,107,136,15,258,74,107,136,15,258,125,42,22,1058,3,25.19,125,42,22,1058,3,25.19,89,331,178,7,2674,8.08,15.02,18,205.7,85,251,417,3086,26,7.40,12.29,237.4,5,13,3,0,0.23,5,13,3,0,0.23,65,41,12,13,9,34,0.829,68,58,29,6,14,49,0.845,46,439,1864,4.25,15,143.4,3,565,2976,5.27,32,228.9,62,44,43,0,0,11,0,340,26.2,38,51,48,2,0,17,0,409,31.5,3,10,63,0.77,27,55,58,336,84,6.5,9,424:57,32:41,47,5,11,16,7,7,14,2,0.15
27,28,Missouri (SEC),13,11-2,874,5646,6.46,48,434.3,33,827,4369,5.28,30,31,336.1,41,169,72,0.426,47,66,179,0.369,8,11,15,0.733,121,12,18,0.667,75,93,709,54.54,36,91,119,24,234,36,91,119,24,234,56,25,48,476,0,19.04,56,25,48,476,0,19.04,37,378,248,7,3410,9.02,13.75,23,262.3,47,250,406,2772,22,6.83,11.09,213.2,43,10,63,0,6.30,43,10,63,0,6.30,54,39,6,15,11,32,0.821,3,58,22,14,20,56,0.966,30,421,1597,3.79,8,122.8,48,496,2236,4.51,25,172.0,25,31,30,1,0,17,1,271,20.8,28,50,45,3,0,24,0,423,32.5,60,26,160,2.00,20,70,36,402,88,6.8,56,395:30,30:25,10,10,9,19,2,7,9,10,0.77
28,29,Notre Dame (FBS Independent),13,10-3,808,5619,6.95,59,432.2,5,809,3592,4.44,22,23,276.3,24,145,65,0.448,29,63,182,0.346,44,10,17,0.588,24,10,24,0.417,49,69,623,47.92,9,81,99,27,207,9,81,99,27,207,84,20,61,424,0,21.20,84,20,61,424,0,21.20,48,351,227,9,3205,9.13,14.12,31,246.5,3,195,372,2045,8,5.50,10.49,157.3,94,23,233,0,10.13,94,23,233,0,10.13,2,34,9,5,10,24,0.706,46,54,22,17,8,47,0.870,26,437,1547,3.54,14,119.0,27,457,2414,5.28,28,185.7,7,23,22,1,0,15,0,207,15.9,7,65,64,1,0,15,1,509,39.2,19,16,126,1.23,57,61,28,361,75,5.8,49,397:50,30:36,20,8,16,24,8,9,17,7,0.54
29,30,Oklahoma St. (Big 12),14,10-4,1019,6045,5.93,47,431.8,122,955,6185,6.48,50,52,441.8,66,206,80,0.388,99,82,196,0.418,57,11,20,0.550,2,6,25,0.240,18,70,578,41.29,111,120,145,15,280,111,120,145,15,280,23,19,43,320,0,16.84,23,19,43,320,0,16.84,25,570,344,16,3871,6.79,11.25,18,276.5,123,269,443,3850,27,8.69,14.31,275.0,13,18,53,0,2.94,13,18,53,0,2.94,95,37,16,9,7,32,0.865,32,62,24,13,18,55,0.887,96,512,2335,4.56,23,166.8,67,449,2174,4.84,29,155.3,86,52,43,2,0,13,1,400,28.6,53,48,43,1,0,27,0,414,29.6,7,13,91,0.93,46,66,34,282,83,5.9,68,415:58,29:43,53,10,13,23,5,16,21,2,0.14
30,31,Miami (FL) (ACC),13,7-6,876,5605,6.40,47,431.2,24,808,4181,5.17,34,35,321.6,52,163,67,0.411,37,63,176,0.358,64,11,21,0.524,29,6,14,0.429,92,79,751,57.77,23,82,116,25,223,23,82,116,25,223,91,16,47,344,0,21.50,91,16,47,344,0,21.50,42,436,283,14,3354,7.69,11.85,23,258.0,55,225,396,2808,16,7.09,12.48,216.0,80,11,95,1,8.64,80,11,95,1,8.64,102,48,15,11,16,42,0.875,64,52,17,13,14,44,0.846,11,412,1373,3.33,18,105.6,44,440,2251,5.12,24,173.2,42,35,30,1,0,18,0,296,22.8,38,49,45,2,0,22,0,409,31.5,19,16,109,1.23,20,69,38,365,88,6.8,26,411:25,31:39,94,6,12,18,8,14,22,-4,-0.31
31,32,UCLA (Pac-12),13,8-5,937,5552,5.93,45,427.1,10,846,3920,4.63,21,25,301.5,22,195,88,0.451,34,67,189,0.354,87,15,32,0.469,27,8,19,0.421,94,92,755,58.08,23,68,130,25,223,23,68,130,25,223,95,22,29,479,1,21.77,95,22,29,479,1,21.77,59,410,238,14,2979,7.27,12.52,24,229.2,61,273,450,2870,16,6.38,10.51,220.8,33,15,81,0,5.40,33,15,81,0,5.40,54,39,3,11,18,32,0.821,129,60,15,16,7,38,0.633,2,396,1050,2.65,5,80.8,16,527,2573,4.88,21,197.9,14,25,23,0,0,22,0,239,18.4,68,46,44,0,0,8,0,344,26.5,113,42,259,3.23,3,88,34,424,105,8.1,91,377:15,29:01,47,9,15,24,8,14,22,2,0.15
32,33,Cincinnati (Big 12),12,3-9,877,5113,5.83,35,426.1,93,725,4833,6.67,44,46,402.8,44,176,74,0.420,76,59,148,0.399,94,14,31,0.452,124,12,17,0.706,71,68,631,52.58,39,109,106,23,238,39,109,106,23,238,70,25,26,501,0,20.04,70,25,26,501,0,20.04,87,360,218,11,2508,6.97,11.50,21,209.0,69,186,328,2710,20,8.26,14.57,225.8,21,16,72,0,4.50,21,16,72,0,4.50,99,46,16,14,10,40,0.870,106,43,12,10,11,33,0.767,108,397,2123,5.35,24,176.9,5,517,2605,5.04,14,217.1,100,46,45,0,0,13,0,360,30.0,84,35,30,2,0,15,0,289,24.1,81,27,150,2.25,63,51,34,230,68,5.7,19,383:37,31:58,95,5,8,13,6,11,17,-4,-0.33
33,34,Georgia Tech (ACC),13,7-6,871,5520,6.34,51,424.6,120,903,5682,6.29,46,49,437.1,39,167,72,0.431,105,74,170,0.435,66,12,23,0.522,77,14,26,0.538,36,67,582,44.77,118,148,119,20,287,118,148,119,20,287,129,26,45,698,0,26.85,129,26,45,698,0,26.85,66,379,231,17,2871,7.58,12.43,27,220.8,53,225,368,2805,18,7.62,12.47,215.8,85,12,108,0,9.00,85,12,108,0,9.00,90,55,23,13,11,47,0.855,57,50,16,14,13,43,0.860,128,535,2877,5.38,28,221.3,12,492,2649,5.38,24,203.8,94,49,44,0,0,15,0,383,29.5,42,51,45,1,0,17,0,404,31.1,15,15,93,1.15,110,48,24,200,60,4.6,100,372:17,28:38,37,11,14,25,4,17,21,4,0.31
34,35,Washington St. (Pac-12),12,5-7,852,5060,5.94,44,421.7,78,824,4673,5.67,40,43,389.4,42,160,68,0.425,89,72,175,0.411,90,12,26,0.462,117,12,19,0.632,58,73,596,49.67,45,96,122,23,241,45,96,122,23,241,128,16,47,421,1,26.31,128,16,47,421,1,26.31,4,510,340,9,4042,7.93,11.89,27,336.8,89,241,399,2863,14,7.18,11.88,238.6,71,8,65,0,8.12,71,8,65,0,8.12,114,42,20,8,10,38,0.905,108,50,17,15,6,38,0.760,67,425,1810,4.26,26,150.8,127,342,1018,2.98,17,84.8,81,43,40,0,0,13,0,337,28.1,37,50,44,3,0,10,0,380,31.7,111,38,249,3.17,93,47,30,262,62,5.2,70,356:00,29:40,111,7,8,15,12,9,21,-6,-0.50
35,36,UTSA (AAC),13,9-4,962,5481,5.70,52,421.6,55,926,4798,5.18,35,37,369.1,12,193,92,0.477,62,83,215,0.386,49,15,26,0.577,95,18,31,0.581,65,73,666,51.23,52,93,133,20,246,52,93,133,20,246,79,26,42,544,0,20.92,79,26,42,544,0,20.92,47,446,290,14,3248,7.28,11.20,25,249.8,79,254,452,3037,19,6.72,11.96,233.6,60,7,52,0,7.43,60,7,52,0,7.43,68,42,11,12,12,35,0.833,57,50,23,12,8,43,0.860,40,474,1761,3.72,16,135.5,51,516,2233,4.33,27,171.8,52,37,33,2,0,18,0,313,24.1,32,53,51,1,0,14,1,415,31.9,56,25,175,1.92,5,79,40,434,99,7.6,62,391:49,30:08,99,7,10,17,8,14,22,-5,-0.38
36,37,Ga. Southern (Sun Belt),13,6-7,954,5453,5.72,42,419.5,88,850,5147,6.06,50,51,395.9,19,185,84,0.454,59,64,166,0.386,35,14,23,0.609,17,6,15,0.400,68,76,673,51.77,86,107,137,18,262,86,107,137,18,262,65,18,52,354,1,19.67,65,18,52,354,1,19.67,13,577,376,20,3929,6.81,10.45,26,302.2,80,249,396,3049,20,7.70,12.24,234.5,115,7,91,0,13.00,115,7,91,0,13.00,93,58,26,14,10,50,0.862,69,57,14,15,19,48,0.842,86,454,2098,4.62,30,161.4,106,377,1524,4.04,16,117.2,103,51,47,2,0,13,0,396,30.5,48,46,45,1,0,23,0,392,30.2,101,34,211,2.62,17,62,58,317,91,7.0,40,404:46,31:08,124,8,13,21,11,20,31,-10,-0.77
37,38,Troy (Sun Belt),14,11-3,943,5872,6.23,48,419.4,14,907,4314,4.76,26,27,308.1,58,189,76,0.402,20,62,191,0.325,88,14,30,0.467,9,10,30,0.333,47,73,655,46.79,54,98,129,20,247,54,98,129,20,247,77,25,48,521,0,20.84,77,25,48,521,0,20.84,33,457,280,6,3724,8.15,13.30,29,266.0,30,272,435,2821,13,6.49,10.37,201.5,36,11,62,0,5.64,36,11,62,0,5.64,65,41,12,9,13,34,0.829,11,52,15,18,15,48,0.923,12,472,1493,3.16,13,106.6,73,486,2148,4.42,19,153.4,10,27,25,1,0,17,0,240,17.1,52,51,50,1,0,19,0,415,29.6,48,25,197,1.79,9,72,64,461,104,7.4,44,431:42,30:50,34,13,10,23,12,6,18,5,0.36
38,39,Toledo (MAC),14,11-3,901,5869,6.51,57,419.2,27,936,4645,4.96,30,33,331.8,26,178,79,0.444,53,74,198,0.374,43,13,22,0.591,43,12,26,0.462,113,93,865,61.79,83,117,115,29,261,83,117,115,29,261,11,53,20,848,0,16.00,11,53,20,848,0,16.00,67,377,232,10,3089,8.19,13.31,26,220.6,16,219,410,2562,12,6.25,11.70,183.0,44,8,51,0,6.38,44,8,51,0,6.38,29,47,16,7,14,37,0.787,27,57,25,17,9,51,0.895,61,526,2083,3.96,18,148.8,15,524,2780,5.31,31,198.6,21,33,27,1,0,19,0,284,20.3,29,59,52,4,0,12,1,452,32.3,4,11,108,0.79,60,51,58,341,80,5.7,120,386:36,27:37,86,7,11,18,11,10,21,-3,-0.21
39,40,Coastal Carolina (Sun Belt),13,8-5,875,5411,6.18,41,416.2,64,853,4934,5.78,36,38,379.5,28,172,76,0.442,98,70,168,0.417,111,9,24,0.375,50,12,25,0.480,91,73,749,57.62,89,120,120,25,265,89,120,120,25,265,92,12,44,259,0,21.58,92,12,44,259,0,21.58,38,410,273,9,3401,8.30,12.46,24,261.6,44,223,391,2753,21,7.04,12.35,211.8,111,7,85,1,12.14,111,7,85,1,12.14,24,49,15,13,10,38,0.776,109,54,15,11,15,41,0.759,97,462,2181,4.72,15,167.8,69,465,2010,4.32,17,154.6,48,38,37,0,0,15,0,310,23.8,60,44,43,1,0,17,0,360,27.7,24,17,117,1.31,115,39,38,224,58,4.5,23,413:46,31:50,23,9,14,23,8,9,17,6,0.46
40,41,Louisville (ACC),14,10-4,941,5812,6.18,53,415.1,21,835,4439,5.32,35,38,317.1,81,174,65,0.374,10,54,181,0.298,61,13,24,0.542,34,11,25,0.440,54,78,681,48.64,22,80,121,21,222,22,80,121,21,222,115,25,48,585,1,23.40,115,25,48,585,1,23.40,56,408,266,12,3313,8.12,12.45,22,236.6,57,231,416,3042,22,7.31,13.17,217.3,83,9,80,0,8.89,83,9,80,0,8.89,1,34,8,11,4,23,0.676,85,52,21,10,11,42,0.808,9,419,1397,3.33,13,99.8,37,533,2499,4.69,31,178.5,33,38,37,0,0,11,0,298,21.3,43,54,50,1,0,18,0,430,30.7,84,32,249,2.29,34,62,48,358,86,6.1,17,451:00,32:13,65,7,13,20,7,12,19,1,0.07
41,42,UNLV (Mountain West),14,9-5,942,5778,6.13,56,412.7,103,930,5817,6.25,49,50,415.5,6,205,101,0.493,40,69,189,0.365,95,9,20,0.450,69,12,23,0.522,113,96,865,61.79,112,112,139,30,281,112,112,139,30,281,29,47,29,823,0,17.51,29,47,29,823,0,17.51,55,404,251,12,3349,8.29,13.34,17,239.2,111,245,399,3552,26,8.90,14.50,253.7,101,12,132,0,11.00,101,12,132,0,11.00,73,50,18,11,13,42,0.840,8,58,32,6,16,54,0.931,89,531,2265,4.27,23,161.8,43,538,2429,4.51,39,173.5,86,50,49,0,0,17,0,400,28.6,22,58,56,0,0,26,0,482,34.4,30,20,119,1.43,87,56,36,315,74,5.3,114,393:46,28:08,17,10,17,27,7,12,19,8,0.57
42,43,New Mexico St. (CUSA),15,10-5,918,6186,6.74,50,412.4,83,964,5886,6.11,41,42,392.4,36,171,74,0.433,51,70,188,0.372,47,11,19,0.579,79,17,31,0.548,111,97,918,61.20,129,123,160,29,312,129,123,160,29,312,66,24,51,473,0,19.71,66,24,51,473,0,19.71,80,393,235,10,3206,8.16,13.64,28,213.7,104,305,477,3730,19,7.82,12.23,248.7,74,8,66,0,8.25,74,8,66,0,8.25,5,62,19,11,15,45,0.726,52,52,16,16,13,45,0.865,48,487,2156,4.43,22,143.7,14,525,2980,5.68,22,198.7,44,42,36,3,0,16,0,342,22.8,61,51,49,0,0,19,0,412,27.5,41,24,143,1.60,89,58,42,320,79,5.3,34,468:52,31:15,77,6,7,13,5,10,15,-2,-0.13
43,44,New Mexico (Mountain West),12,4-8,793,4927,6.21,43,410.6,99,727,4898,6.74,49,51,408.2,48,145,60,0.414,50,49,132,0.371,22,9,14,0.643,54,9,18,0.500,130,119,1076,89.67,57,105,110,34,249,57,105,110,34,249,45,29,21,536,0,18.48,45,29,21,536,0,18.48,72,353,198,10,2615,7.41,13.21,17,217.9,83,195,319,2832,24,8.88,14.52,236.0,130,17,360,1,21.18,130,17,360,1,21.18,122,49,22,9,14,45,0.918,11,39,19,9,8,36,0.923,103,408,2066,5.06,25,172.2,18,440,2312,5.25,26,192.7,123,51,47,3,1,20,0,421,35.1,63,43,37,1,0,10,0,327,27.2,38,19,119,1.58,129,31,30,197,46,3.8,11,390:28,32:32,117,4,4,8,5,10,15,-7,-0.58
44,45,Oregon St. (Pac-12),13,8-5,825,5320,6.45,52,409.2,39,839,4551,5.42,37,37,350.1,68,148,57,0.385,68,65,165,0.394,50,17,30,0.567,87,13,23,0.565,61,73,655,50.38,79,102,133,25,260,79,102,133,25,260,37,22,45,396,0,18.00,37,22,45,396,0,18.00,51,380,222,8,3148,8.28,14.18,26,242.2,82,264,426,3066,23,7.20,11.61,235.8,19,13,56,0,4.31,19,13,56,0,4.31,51,44,14,15,7,36,0.818,1,42,19,14,8,41,0.976,21,413,1485,3.60,14,114.2,57,445,2172,4.88,26,167.1,45,37,33,2,1,11,2,298,22.9,34,54,49,1,0,13,0,414,31.8,31,19,123,1.46,31,66,30,397,81,6.2,47,399:18,30:43,23,7,12,19,5,8,13,6,0.46
45,46,Florida (SEC),12,5-7,811,4909,6.05,41,409.1,69,712,4587,6.44,39,40,382.2,85,149,55,0.369,35,52,146,0.356,105,9,22,0.409,6,4,13,0.308,57,79,595,49.58,11,84,110,18,212,11,84,110,18,212,6,15,56,226,0,15.07,6,15,56,226,0,15.07,40,390,282,5,3111,7.98,11.03,20,259.2,70,195,326,2720,18,8.34,13.95,226.7,77,11,92,0,8.36,77,11,92,0,8.36,102,40,13,10,12,35,0.875,16,48,17,15,12,44,0.917,79,386,1867,4.84,21,155.6,77,421,1798,4.27,21,149.8,75,40,36,0,0,17,2,331,27.6,57,41,33,2,0,18,2,341,28.4,114,39,260,3.25,104,40,36,236,58,4.8,7,397:13,33:06,101,4,3,7,7,5,12,-5,-0.42
46,47,Ohio St. (Big Ten),13,11-2,831,5303,6.38,46,407.9,3,828,3450,4.17,15,15,265.4,31,165,72,0.436,5,54,189,0.286,55,10,18,0.556,54,16,32,0.500,35,74,579,44.54,8,88,95,20,203,8,88,95,20,203,36,14,47,251,0,17.93,36,14,47,251,0,17.93,30,400,255,7,3498,8.74,13.72,26,269.1,1,198,376,1897,9,5.05,9.58,145.9,113,11,136,0,12.36,113,11,136,0,12.36,12,28,5,8,8,21,0.750,57,50,14,18,11,43,0.860,27,452,1553,3.44,6,119.5,87,431,1805,4.19,20,138.8,2,15,14,0,0,14,0,146,11.2,44,50,49,0,0,16,0,397,30.5,45,23,140,1.77,71,55,34,275,72,5.5,78,382:30,29:25,78,4,7,11,6,7,13,-2,-0.15
47,48,Texas A&M (SEC),13,7-6,882,5290,6.00,47,406.9,19,786,4110,5.23,28,34,316.2,33,175,76,0.434,18,55,171,0.322,47,11,19,0.579,22,7,17,0.412,41,77,591,45.46,13,73,123,18,214,13,73,123,18,214,112,37,43,851,2,23.00,112,37,43,851,2,23.00,29,426,274,10,3520,8.26,12.85,24,270.8,37,217,365,2696,19,7.39,12.42,207.4,39,11,68,1,6.18,39,11,68,1,6.18,68,36,8,12,10,30,0.833,47,61,22,14,17,53,0.869,13,421,1414,3.36,9,108.8,90,456,1770,3.88,23,136.2,34,34,31,1,0,16,1,287,22.1,24,50,49,0,0,26,0,433,33.3,86,30,193,2.31,5,74,50,375,99,7.6,30,408:11,31:24,78,4,9,13,5,10,15,-2,-0.15
48,49,San Jose St. (Mountain West),13,7-6,804,5246,6.52,52,403.5,42,845,4591,5.43,42,44,353.2,20,152,69,0.454,114,78,174,0.448,114,7,19,0.368,121,20,30,0.667,55,74,638,49.08,70,122,120,13,255,70,122,120,13,255,3,29,16,404,1,13.93,3,29,16,404,1,13.93,70,375,230,4,2853,7.61,12.40,21,219.5,16,219,359,2379,19,6.63,10.86,183.0,76,9,75,0,8.33,76,9,75,0,8.33,129,39,22,10,6,38,0.974,98,57,25,10,10,45,0.789,99,486,2212,4.55,23,170.2,31,429,2393,5.58,31,184.1,58,44,43,1,0,8,0,333,25.6,34,55,54,0,0,10,0,414,31.8,35,20,132,1.54,97,49,34,253,66,5.1,53,396:26,30:30,5,9,12,21,6,4,10,11,0.85
49,50,Clemson (ACC),13,9-4,998,5235,5.25,44,402.7,8,797,3742,4.70,30,34,287.8,56,198,80,0.404,17,60,187,0.321,67,14,27,0.519,38,10,22,0.455,23,64,554,42.62,2,73,92,20,185,2,73,92,20,185,130,7,63,267,1,38.14,130,7,63,267,1,38.14,60,474,302,9,2969,6.26,9.83,20,228.4,8,212,401,2252,13,5.62,10.62,173.2,34,19,103,0,5.42,34,19,103,0,5.42,63,29,11,6,7,24,0.828,118,60,19,15,10,44,0.733,22,396,1490,3.76,17,114.6,42,524,2266,4.32,24,174.3,29,34,30,2,0,12,0,274,21.1,50,49,45,2,0,15,0,388,29.8,71,28,215,2.15,11,79,32,350,95,7.3,4,433:11,33:19,23,12,16,28,13,9,22,6,0.46
50,51,Western Ky. (CUSA),13,8-5,896,5223,5.83,50,401.8,108,939,5456,5.81,44,49,419.7,37,192,83,0.432,75,78,196,0.398,31,16,26,0.615,123,27,40,0.675,11,59,478,36.77,106,133,127,16,276,106,133,127,16,276,9,18,42,283,0,15.72,9,18,42,283,0,15.72,15,539,343,14,3853,7.15,11.23,38,296.4,76,251,430,2986,20,6.94,11.90,229.7,64,19,144,0,7.58,64,19,144,0,7.58,41,47,19,11,8,38,0.809,5,40,10,21,7,38,0.950,120,509,2470,4.85,24,190.0,117,357,1370,3.84,12,105.4,90,49,47,1,0,10,0,373,28.7,45,53,47,2,0,9,0,396,30.5,9,13,99,1.00,117,41,32,218,57,4.4,81,380:22,29:16,38,11,15,26,9,14,23,3,0.23
51,52,Florida St. (ACC),14,13-1,896,5622,6.27,57,401.6,28,925,4647,5.02,29,32,331.9,92,182,66,0.363,6,57,198,0.288,84,10,21,0.476,31,13,30,0.433,87,85,792,56.57,57,113,105,31,249,57,113,105,31,249,106,27,57,610,1,22.59,106,27,57,610,1,22.59,45,433,260,4,3519,8.13,13.53,25,251.4,11,201,416,2516,12,6.05,12.52,179.7,45,13,83,0,6.38,45,13,83,0,6.38,58,45,15,9,13,37,0.822,44,55,21,12,15,48,0.873,70,509,2131,4.19,17,152.2,76,463,2103,4.54,32,150.2,18,32,28,0,0,16,1,270,19.3,19,60,59,1,0,19,0,484,34.6,48,25,197,1.79,15,77,46,455,100,7.1,79,411:36,29:24,17,7,10,17,5,4,9,8,0.57
52,53,Penn St. (Big Ten),13,10-3,928,5198,5.60,56,399.8,2,774,3219,4.16,20,20,247.6,54,184,75,0.408,11,54,179,0.302,4,20,26,0.769,80,11,20,0.550,30,65,563,43.31,1,66,98,17,181,1,66,98,17,181,22,17,57,286,0,16.82,22,17,57,286,0,16.82,77,413,246,2,2795,6.77,11.36,30,215.0,7,199,340,2237,10,6.58,11.24,172.1,24,20,92,0,4.60,24,20,92,0,4.60,119,24,7,6,9,22,0.917,4,64,25,24,12,61,0.953,1,434,982,2.26,10,75.5,28,515,2403,4.67,26,184.8,3,20,16,3,0,11,0,175,13.5,12,59,54,2,0,19,1,471,36.2,19,16,124,1.23,1,88,46,483,111,8.5,12,422:50,32:32,2,12,12,24,6,2,8,16,1.23
53,54,Colorado St. (Mountain West),12,5-7,833,4784,5.74,34,398.7,104,874,4991,5.71,38,41,415.9,51,175,72,0.411,109,79,179,0.441,101,8,19,0.421,84,9,16,0.562,126,92,838,69.83,107,115,136,26,277,107,115,136,26,277,88,15,39,320,0,21.33,88,15,39,320,0,21.33,9,501,311,18,3678,7.34,11.83,24,306.5,106,278,389,2996,20,7.70,10.78,249.7,56,13,93,0,7.15,56,13,93,0,7.15,112,48,16,12,15,43,0.896,91,39,8,13,10,31,0.795,95,485,1995,4.11,18,166.2,123,332,1106,3.33,10,92.2,95,41,33,2,0,24,0,355,29.6,73,38,34,2,0,15,1,313,26.1,17,14,90,1.17,14,61,50,344,86,7.2,127,319:07,26:36,101,11,9,20,7,18,25,-5,-0.42
54,55,Georgia St. (Sun Belt),13,7-6,880,5113,5.81,45,393.3,113,879,5529,6.29,48,51,425.3,18,189,86,0.455,112,81,182,0.445,85,9,19,0.474,28,11,26,0.423,90,83,748,57.54,101,95,151,26,272,101,95,151,26,272,76,23,37,476,0,20.70,76,23,37,476,0,20.70,91,367,249,7,2668,7.27,10.71,20,205.2,125,284,437,3633,30,8.31,12.79,279.5,110,26,309,1,11.88,110,26,309,1,11.88,22,48,13,15,9,37,0.771,114,48,18,10,8,36,0.750,50,442,1896,4.29,18,145.8,25,513,2445,4.77,25,188.1,101,51,47,3,0,10,1,391,30.1,64,47,45,0,0,9,0,354,27.2,35,20,132,1.54,48,53,48,290,77,5.9,72,384:45,29:36,47,6,11,17,8,7,15,2,0.15
55,56,Alabama (SEC),14,12-2,886,5503,6.21,55,393.1,18,883,4424,5.01,32,32,316.0,23,182,82,0.451,23,63,191,0.330,9,5,7,0.714,20,11,27,0.407,47,78,655,46.79,30,95,113,20,228,30,95,113,20,228,14,25,53,407,0,16.28,14,25,53,407,0,16.28,68,325,208,6,3086,9.50,14.84,23,220.4,24,245,413,2675,17,6.48,10.92,191.1,87,13,120,0,9.23,87,13,120,0,9.23,65,41,14,9,11,34,0.829,11,52,26,10,12,48,0.923,31,470,1749,3.72,15,124.9,46,561,2417,4.31,32,172.6,16,32,30,1,0,14,0,266,19.0,23,58,56,2,0,22,1,476,34.0,122,49,360,3.50,46,59,48,367,83,5.9,46,430:15,30:44,17,7,12,19,5,6,11,8,0.57
56,57,Louisiana (Sun Belt),13,6-7,836,5101,6.10,48,392.4,73,962,5016,5.21,46,48,385.8,55,167,68,0.407,110,89,200,0.445,57,11,20,0.550,128,23,31,0.742,53,79,632,48.62,115,143,121,19,283,115,143,121,19,283,19,40,14,665,0,16.62,19,40,14,665,0,16.62,74,367,238,9,2817,7.68,11.84,23,216.7,51,238,387,2795,22,7.22,11.74,215.0,2,8,-4,0,-0.50,2,8,-4,0,-0.50,63,58,22,15,11,48,0.828,85,52,17,13,12,42,0.808,100,575,2221,3.86,24,170.8,41,469,2284,4.87,25,175.7,89,48,40,1,0,14,0,372,28.6,30,54,52,0,0,14,0,418,32.2,56,25,182,1.92,71,56,32,310,72,5.5,87,378:18,29:06,61,9,13,22,12,9,21,1,0.08
57,58,Virginia Tech (ACC),13,7-6,855,5089,5.95,43,391.5,20,800,4118,5.15,37,40,316.8,105,175,61,0.349,31,58,167,0.347,19,17,26,0.654,72,9,17,0.529,93,82,752,57.85,18,100,98,22,220,18,100,98,22,220,118,15,54,355,1,23.67,118,15,54,355,1,23.67,95,357,205,5,2622,7.34,12.79,23,201.7,4,208,341,2194,16,6.43,10.55,168.8,52,12,80,0,6.67,52,12,80,0,6.67,107,35,12,11,8,31,0.886,35,52,15,12,19,46,0.885,57,459,1924,4.19,21,148.0,22,498,2467,4.95,20,189.8,50,40,37,2,0,10,0,311,23.9,54,45,44,0,0,22,2,384,29.5,51,24,164,1.85,13,68,52,383,94,7.2,38,405:10,31:10,61,9,7,16,10,5,15,1,0.08
58,59,Middle Tenn. (CUSA),12,4-8,822,4693,5.71,36,391.1,86,865,4747,5.49,39,43,395.6,60,181,72,0.398,113,81,181,0.448,93,10,22,0.455,84,9,16,0.562,82,81,675,56.25,68,97,134,23,254,68,97,134,23,254,24,33,21,556,0,16.85,24,33,21,556,0,16.85,33,438,295,13,3192,7.29,10.82,23,266.0,105,268,429,2994,19,6.98,11.17,249.5,85,21,189,1,9.00,85,21,189,1,9.00,78,46,19,11,9,39,0.848,82,37,10,10,10,30,0.811,52,436,1753,4.02,20,146.1,97,384,1501,3.91,13,125.1,81,43,38,1,0,13,0,337,28.1,83,37,35,0,0,10,2,291,24.2,103,32,169,2.67,54,56,28,262,70,5.8,106,342:28,28:32,101,8,8,16,8,13,21,-5,-0.42
59,60,Illinois (Big Ten),12,5-7,811,4692,5.79,35,391.0,61,858,4527,5.28,41,43,377.2,97,161,58,0.360,107,77,175,0.440,54,14,25,0.560,75,8,15,0.533,116,79,749,62.42,94,104,131,33,268,94,104,131,33,268,58,28,25,536,0,19.14,58,28,25,536,0,19.14,35,415,261,13,3175,7.65,12.16,23,264.6,71,241,399,2737,22,6.86,11.36,228.1,57,14,101,0,7.21,57,14,101,0,7.21,80,53,17,17,11,45,0.849,16,36,10,15,8,33,0.917,63,459,1790,3.90,19,149.2,96,396,1517,3.83,12,126.4,93,43,35,2,0,18,1,353,29.4,81,37,24,3,0,14,0,294,24.5,116,40,205,3.33,105,48,18,256,57,4.8,107,340:56,28:25,119,8,7,15,10,13,23,-8,-0.67
60,61,California (Pac-12),13,6-7,931,5082,5.46,48,390.9,102,942,5383,5.71,53,55,414.1,67,191,74,0.387,95,81,195,0.415,59,18,33,0.545,106,23,38,0.605,40,73,588,45.23,100,100,158,13,271,100,100,158,13,271,67,44,12,871,0,19.80,67,44,12,871,0,19.80,71,434,258,16,2836,6.53,10.99,22,218.2,128,306,486,3649,30,7.51,11.92,280.7,119,20,274,1,13.70,119,20,274,1,13.70,106,61,22,21,11,54,0.885,96,53,21,13,8,42,0.792,35,456,1734,3.80,23,133.4,45,497,2246,4.52,26,172.8,111,55,50,2,0,14,0,426,32.8,47,52,40,4,0,11,0,393,30.2,45,23,189,1.77,125,42,26,249,55,4.2,99,372:42,28:40,66,16,12,28,12,16,28,0,0.00
61,62,Fresno St. (Mountain West),13,9-4,884,5041,5.70,45,387.8,56,901,4821,5.35,35,37,370.8,13,187,89,0.476,71,74,187,0.396,22,9,14,0.643,100,17,29,0.586,15,58,522,40.15,94,120,130,18,268,94,120,130,18,268,80,31,39,649,1,20.94,80,31,39,649,1,20.94,20,518,337,12,3669,7.08,10.89,29,282.2,35,223,402,2661,19,6.62,11.93,204.7,109,8,95,0,11.88,109,8,95,0,11.88,98,38,11,12,10,33,0.868,18,47,12,16,15,43,0.915,94,499,2160,4.33,16,166.2,116,366,1372,3.75,16,105.5,46,37,34,1,0,15,1,305,23.5,45,46,40,4,0,24,0,396,30.5,86,30,234,2.31,71,55,34,241,72,5.5,75,383:04,29:28,13,6,17,23,2,12,14,9,0.69
62,63,Maryland (Big Ten),13,8-5,858,5035,5.87,47,387.3,30,894,4343,4.86,31,34,334.1,32,172,75,0.436,26,60,177,0.339,12,13,19,0.684,116,22,35,0.629,86,72,735,56.54,94,111,127,30,268,94,111,127,30,268,116,24,44,563,0,23.46,116,24,44,563,0,23.46,21,477,307,13,3626,7.60,11.81,27,278.9,38,236,414,2712,17,6.55,11.49,208.6,58,17,123,0,7.24,58,17,123,0,7.24,37,51,14,14,13,41,0.804,64,52,18,17,9,44,0.846,32,480,1631,3.40,14,125.5,114,381,1409,3.70,20,108.4,39,34,30,0,0,18,2,292,22.5,51,49,46,2,0,14,0,386,29.7,79,29,234,2.23,97,59,14,285,66,5.1,112,366:30,28:12,38,7,17,24,8,13,21,3,0.23
63,64,Texas Tech (Big 12),13,7-6,944,5027,5.33,41,386.7,79,923,5064,5.49,35,39,389.5,62,195,77,0.395,91,79,191,0.414,21,24,37,0.649,34,11,25,0.440,59,71,649,49.92,94,109,137,22,268,94,109,137,22,268,82,22,42,464,1,21.09,82,22,42,464,1,21.09,63,470,284,18,2912,6.20,10.25,24,224.0,74,267,443,2979,16,6.72,11.16,229.2,66,11,84,0,7.64,66,11,84,0,7.64,53,50,16,10,15,41,0.820,57,50,16,16,11,43,0.860,84,480,2085,4.34,19,160.4,59,474,2115,4.46,17,162.7,61,39,35,3,0,21,0,338,26.0,62,44,40,2,0,16,0,356,27.4,51,24,184,1.85,83,50,40,289,70,5.4,104,371:14,28:33,110,4,13,17,5,18,23,-6,-0.46
64,65,Tulsa (AAC),12,4-8,861,4625,5.37,33,385.4,125,811,5336,6.58,48,52,444.7,25,195,87,0.446,77,64,160,0.400,97,7,16,0.438,114,15,24,0.625,28,61,519,43.25,64,96,142,15,253,64,96,142,15,253,89,41,11,877,2,21.39,89,41,11,877,2,21.39,92,334,190,19,2456,7.35,12.93,20,204.7,127,250,388,3358,24,8.65,13.43,279.8,61,20,150,0,7.50,61,20,150,0,7.50,89,48,18,13,10,41,0.854,31,45,11,15,14,40,0.889,92,423,1978,4.68,24,164.8,35,527,2169,4.12,13,180.8,117,52,48,4,0,12,1,406,33.8,92,33,30,0,0,17,1,281,23.4,74,26,182,2.17,85,37,54,217,64,5.3,69,356:01,29:40,90,11,10,21,5,19,24,-3,-0.25
65,66,Louisiana Tech (CUSA),12,3-9,804,4616,5.74,36,384.7,107,823,5018,6.10,50,53,418.2,123,154,47,0.305,87,70,171,0.409,69,15,30,0.500,119,14,22,0.636,115,82,748,62.33,57,133,87,29,249,57,133,87,29,249,2,6,50,70,0,11.67,2,6,50,70,0,11.67,39,423,269,11,3131,7.40,11.64,16,260.9,19,173,317,2224,18,7.02,12.86,185.3,125,13,198,1,15.23,125,13,198,1,15.23,126,43,24,8,8,40,0.930,24,39,14,11,10,35,0.897,129,506,2794,5.52,32,232.8,99,381,1485,3.90,20,123.8,114,53,53,0,0,10,0,401,33.4,76,39,31,2,0,14,0,311,25.9,68,25,158,2.08,75,41,50,224,66,5.5,67,357:03,29:45,121,4,5,9,7,11,18,-9,-0.75
66,67,Michigan (Big Ten),15,15-0,924,5741,6.21,64,382.7,1,865,3705,4.28,17,17,247.0,40,173,74,0.428,7,57,196,0.291,3,17,22,0.773,8,11,34,0.324,3,45,412,27.47,5,82,105,12,199,5,82,105,12,199,18,19,69,314,0,16.53,18,19,69,314,0,16.53,81,361,260,5,3205,8.88,12.33,24,213.7,2,229,415,2355,8,5.67,10.28,157.0,51,11,73,0,6.64,51,11,73,0,6.64,4,25,7,4,7,18,0.720,28,66,33,14,12,59,0.894,5,450,1350,3.00,9,90.0,54,563,2536,4.50,40,169.1,1,17,15,0,0,13,0,156,10.4,14,69,66,0,0,18,2,538,35.9,27,20,155,1.33,74,66,34,410,83,5.5,16,483:33,32:14,1,9,18,27,3,5,8,19,1.27
67,68,Boston College (ACC),13,7-6,908,4956,5.46,40,381.2,70,796,5006,6.29,49,49,385.1,49,191,79,0.414,96,64,154,0.416,5,29,38,0.763,127,13,18,0.722,78,85,717,55.15,54,107,118,22,247,54,107,118,22,247,49,35,16,657,0,18.77,49,35,16,657,0,18.77,108,361,204,14,2372,6.57,11.63,15,182.5,26,194,334,2563,19,7.67,13.21,197.2,47,9,58,0,6.44,47,9,58,0,6.44,126,43,23,12,5,40,0.930,62,42,22,9,5,36,0.857,118,462,2443,5.29,30,187.9,13,547,2584,4.72,25,198.8,83,49,47,0,0,9,0,368,28.3,80,42,36,1,0,11,0,323,24.8,31,19,127,1.46,130,35,16,130,43,3.3,37,405:23,31:11,78,9,8,17,5,14,19,-2,-0.15
68,69,Wisconsin (Big Ten),13,7-6,923,4955,5.37,36,381.2,38,874,4472,5.12,32,33,344.0,27,199,88,0.442,71,74,187,0.396,126,5,20,0.250,7,7,22,0.318,50,73,625,48.08,45,96,128,17,241,45,96,128,17,241,64,27,26,529,0,19.59,64,27,26,529,0,19.59,69,469,281,5,2862,6.10,10.19,14,220.2,39,254,417,2716,19,6.51,10.69,208.9,26,13,61,0,4.69,26,13,61,0,4.69,39,36,10,13,6,29,0.806,63,46,19,10,10,39,0.848,39,457,1756,3.84,13,135.1,61,454,2093,4.61,22,161.0,20,33,32,0,0,10,1,262,20.2,91,37,34,2,0,15,0,305,23.5,45,23,155,1.77,42,62,32,308,78,6.0,80,380:37,29:17,66,4,13,17,12,5,17,0,0.00
69,70,Purdue (Big Ten),12,4-8,854,4563,5.34,35,380.2,67,801,4585,5.72,43,45,382.1,98,176,63,0.358,90,68,165,0.412,107,11,28,0.393,38,5,11,0.455,84,72,676,56.33,40,86,125,28,239,40,86,125,28,239,97,30,18,660,1,22.00,97,30,18,660,1,22.00,84,392,234,10,2534,6.46,10.83,15,211.2,95,201,370,2898,21,7.83,14.42,241.5,42,15,94,0,6.27,42,15,94,0,6.27,96,45,16,12,11,39,0.867,123,43,19,6,6,31,0.721,43,431,1687,3.91,22,140.6,53,462,2029,4.39,20,169.1,98,44,40,2,0,17,0,359,29.9,85,38,31,2,0,8,0,287,23.9,60,24,178,2.00,51,58,26,340,71,5.9,55,365:11,30:26,66,8,10,18,8,10,18,0,0.00
70,71,Baylor (Big 12),12,3-9,855,4534,5.30,28,377.8,110,768,5056,6.58,49,52,421.3,93,177,64,0.362,108,67,152,0.441,92,22,48,0.458,54,11,22,0.500,4,49,347,28.92,45,104,129,8,241,45,104,129,8,241,51,28,17,529,0,18.89,51,28,17,529,0,18.89,36,442,263,7,3156,7.14,12.00,15,263.0,84,213,328,2837,22,8.65,13.32,236.4,117,13,171,0,13.15,117,13,171,0,13.15,35,45,17,11,8,36,0.800,116,47,13,9,13,35,0.745,115,440,2219,5.04,27,184.9,109,413,1378,3.34,13,114.8,113,52,49,3,0,11,0,400,33.3,99,32,21,4,0,18,1,277,23.1,106,34,250,2.83,102,51,16,246,59,4.9,25,380:24,31:42,54,9,7,16,8,7,15,1,0.08
71,72,Arkansas St. (Sun Belt),13,6-7,829,4857,5.86,37,373.6,124,936,5767,6.16,47,49,443.6,101,169,60,0.355,86,79,193,0.409,117,7,20,0.350,129,19,25,0.760,108,80,792,60.92,120,123,132,33,288,120,123,132,33,288,53,34,8,645,0,18.97,53,34,8,645,0,18.97,62,370,208,9,2938,7.94,14.12,17,226.0,119,296,431,3372,25,7.82,11.39,259.4,97,15,157,1,10.47,97,15,157,1,10.47,40,57,19,15,12,46,0.807,111,45,14,9,11,34,0.756,113,505,2395,4.74,22,184.2,78,459,1919,4.18,20,147.6,102,49,44,3,0,17,0,395,30.4,65,43,41,1,0,17,0,352,27.1,90,31,205,2.38,20,64,48,293,88,6.8,128,341:38,26:17,38,8,8,16,4,9,13,3,0.23
72,73,Temple (AAC),12,3-9,839,4468,5.33,32,372.3,121,841,5299,6.30,52,54,441.6,72,173,66,0.382,125,78,166,0.470,68,23,45,0.511,109,11,18,0.611,9,54,440,36.67,107,130,128,19,277,107,130,128,19,277,44,20,21,366,0,18.30,44,20,21,366,0,18.30,24,508,283,16,3320,6.54,11.73,23,276.7,97,211,328,2919,27,8.90,13.83,243.2,124,8,121,1,15.12,124,8,121,1,15.12,80,53,20,15,10,45,0.849,126,36,6,15,4,25,0.694,124,513,2380,4.64,25,198.3,121,331,1148,3.47,9,95.7,124,54,52,1,0,16,1,428,35.7,107,33,24,5,0,7,0,253,21.1,29,17,126,1.42,68,52,30,233,67,5.6,108,340:21,28:22,130,2,3,5,9,16,25,-20,-1.67
73,74,Tulane (AAC),14,11-3,895,5181,5.79,41,370.1,36,918,4778,5.20,32,33,341.3,76,185,70,0.378,43,68,186,0.366,42,19,32,0.594,40,17,37,0.459,26,67,600,42.86,94,96,151,21,268,94,96,151,21,268,54,27,36,513,0,19.00,54,27,36,513,0,19.00,77,368,229,7,3010,8.18,13.14,25,215.0,72,309,473,3200,18,6.77,10.36,228.6,53,11,77,0,7.00,53,11,77,0,7.00,109,46,13,14,14,41,0.891,115,59,16,13,15,44,0.746,16,445,1578,3.55,14,112.7,68,527,2171,4.12,16,155.1,23,33,30,1,0,19,0,287,20.5,69,44,42,0,0,21,0,369,26.4,60,28,159,2.00,34,76,20,358,86,6.1,31,438:50,31:21,21,10,17,27,13,7,20,7,0.50
74,75,NIU (MAC),13,7-6,833,4802,5.76,38,369.4,23,812,4154,5.12,33,33,319.5,47,173,72,0.416,85,75,184,0.408,69,10,20,0.500,96,7,12,0.583,14,58,517,39.77,34,111,103,19,233,34,111,103,19,233,27,43,12,731,0,17.00,27,43,12,731,0,17.00,103,366,211,9,2467,6.74,11.69,15,189.8,6,200,352,2225,13,6.32,11.12,171.2,16,8,29,0,3.62,16,8,29,0,3.62,77,45,19,7,12,38,0.844,91,39,13,7,11,31,0.795,60,460,1929,4.19,20,148.4,36,467,2335,5.00,23,179.6,26,33,31,0,0,14,1,273,21.0,79,41,31,4,0,13,0,324,24.9,19,16,94,1.23,112,44,30,216,59,4.5,27,410:23,31:34,88,5,10,15,9,9,18,-3,-0.23
75,76,Virginia (ACC),12,3-9,850,4425,5.21,31,368.8,101,812,4911,6.05,46,51,409.2,95,183,66,0.361,82,65,161,0.404,37,12,20,0.600,94,11,19,0.579,79,78,663,55.25,76,119,119,21,259,76,119,119,21,259,108,31,20,706,2,22.77,108,31,20,706,2,22.77,46,396,248,14,3010,7.60,12.14,19,250.8,66,232,378,2697,19,7.13,11.62,224.8,108,19,224,2,11.79,108,19,224,2,11.79,86,41,18,9,8,35,0.854,97,43,12,10,12,34,0.791,114,434,2214,5.10,27,184.5,105,454,1415,3.12,12,117.9,116,51,48,0,0,17,0,405,33.8,93,32,31,1,0,18,0,279,23.2,123,43,269,3.58,105,40,34,140,57,4.8,29,376:55,31:25,111,6,8,14,6,14,20,-6,-0.50
76,77,Air Force (Mountain West),13,9-4,826,4765,5.77,43,366.5,6,738,3610,4.89,29,30,277.7,15,169,78,0.462,33,57,161,0.354,19,17,26,0.654,78,12,22,0.545,1,39,322,24.77,4,74,104,13,191,4,74,104,13,191,21,28,32,470,0,16.79,21,28,32,470,0,16.79,130,105,55,6,1105,10.52,20.09,7,85.0,20,216,350,2429,18,6.94,11.25,186.8,12,8,19,0,2.38,12,8,19,0,2.38,93,29,8,14,3,25,0.862,76,47,29,2,8,39,0.830,6,388,1181,3.04,11,90.8,2,721,3660,5.08,36,281.5,12,30,26,0,0,10,0,236,18.2,59,45,42,1,0,16,0,362,27.8,6,11,52,0.85,91,52,32,301,68,5.2,5,432:59,33:18,88,4,10,14,11,6,17,-3,-0.23
77,78,Western Mich. (MAC),12,4-8,872,4380,5.02,34,365.0,84,773,4720,6.11,45,48,393.3,99,179,64,0.358,119,72,158,0.456,81,19,39,0.487,1,2,10,0.200,118,86,752,62.67,50,102,116,26,244,50,102,116,26,244,43,28,20,511,0,18.25,43,28,20,511,0,18.25,84,393,247,9,2534,6.45,10.26,13,211.2,81,220,361,2815,23,7.80,12.80,234.6,100,26,282,1,10.85,100,26,282,1,10.85,100,54,21,13,13,47,0.870,91,39,18,7,6,31,0.795,82,412,1905,4.62,22,158.8,72,479,1846,3.85,21,153.8,106,48,45,2,0,14,1,381,31.8,88,36,35,1,0,9,2,284,23.7,93,30,154,2.50,90,54,18,269,63,5.2,65,360:00,30:00,35,8,9,17,4,9,13,4,0.33
78,79,Iowa St. (Big 12),13,7-6,763,4744,6.22,39,364.9,50,904,4721,5.22,33,36,363.2,64,174,68,0.391,39,69,191,0.361,28,10,16,0.625,96,21,36,0.583,32,63,569,43.77,79,102,133,25,260,79,102,133,25,260,54,33,29,627,0,19.00,54,33,29,627,0,19.00,49,381,241,8,3185,8.36,13.22,23,245.0,73,250,448,2976,21,6.64,11.90,228.9,49,21,136,0,6.48,49,21,136,0,6.48,6,41,12,10,8,30,0.732,7,33,10,10,11,31,0.939,37,456,1745,3.83,12,134.2,101,382,1559,4.08,16,119.9,42,36,27,2,1,15,1,296,22.8,70,40,36,1,0,21,0,341,26.2,11,14,85,1.08,101,49,30,229,64,4.9,85,379:03,29:09,16,3,16,19,3,8,11,8,0.62
79,80,Colorado (Pac-12),12,4-8,832,4363,5.24,41,363.6,127,868,5440,6.27,52,56,453.3,64,174,68,0.391,122,77,165,0.467,14,10,15,0.667,114,10,16,0.625,129,107,854,71.17,124,111,159,25,295,124,111,159,25,295,119,25,25,597,1,23.88,119,25,25,597,1,23.88,16,474,323,4,3536,7.46,10.95,29,294.7,124,269,417,3323,28,7.97,12.35,276.9,62,18,136,0,7.56,62,18,136,0,7.56,25,54,21,14,7,42,0.778,2,38,11,17,9,37,0.974,107,451,2117,4.69,24,176.4,130,358,827,2.31,12,68.9,121,56,50,1,0,10,0,418,34.8,58,42,36,3,1,14,0,336,28.2,129,56,492,4.67,81,52,26,230,65,5.4,121,330:41,27:33,12,10,10,20,7,4,11,9,0.75
80,81,South Carolina (SEC),12,5-7,781,4357,5.58,38,363.1,87,863,4748,5.50,35,37,395.7,110,160,54,0.338,101,78,182,0.429,111,9,24,0.375,108,14,23,0.609,81,86,666,55.50,70,112,126,17,255,70,112,126,17,255,52,11,41,208,0,18.91,52,11,41,208,0,18.91,23,412,283,8,3336,8.10,11.79,21,278.0,99,245,401,2955,16,7.37,12.06,246.2,17,11,41,0,3.73,17,11,41,0,3.73,38,46,17,11,9,37,0.804,24,39,14,12,9,35,0.897,65,462,1793,3.88,19,149.4,126,369,1021,2.77,17,85.1,63,37,35,1,0,19,0,316,26.3,75,40,34,0,0,12,1,312,26.0,118,41,298,3.42,113,49,10,204,54,4.5,110,339:39,28:18,35,7,10,17,5,8,13,4,0.33
81,82,Rice (AAC),13,6-7,818,4718,5.77,50,362.9,52,862,4741,5.50,40,44,364.7,69,156,60,0.385,49,66,178,0.371,14,16,24,0.667,20,11,27,0.407,52,74,628,48.31,61,96,129,26,251,61,96,129,26,251,15,18,37,295,0,16.39,15,18,37,295,0,16.39,44,431,268,16,3282,7.61,12.25,29,252.5,43,220,378,2751,17,7.28,12.50,211.6,96,16,166,1,10.38,96,16,166,1,10.38,12,48,21,7,8,36,0.750,29,47,18,18,6,42,0.894,72,484,1990,4.11,23,153.1,113,387,1436,3.71,21,110.5,80,44,38,3,0,19,0,365,28.1,54,51,48,3,0,8,0,384,29.5,79,29,201,2.23,79,56,30,289,71,5.5,18,417:22,32:06,128,7,5,12,10,16,26,-14,-1.08
82,83,UTEP (CUSA),12,3-9,777,4344,5.59,29,362.0,75,765,4642,6.07,44,45,386.8,115,159,52,0.327,103,65,151,0.430,88,14,30,0.467,54,9,18,0.500,104,84,721,60.08,32,115,91,24,230,32,115,91,24,230,17,21,19,347,0,16.52,17,21,19,347,0,16.52,73,330,178,12,2612,7.92,14.67,13,217.7,18,177,313,2216,16,7.08,12.52,184.7,114,15,193,1,12.87,114,15,193,1,12.87,117,45,22,12,7,41,0.911,88,35,15,4,9,28,0.800,125,452,2426,5.37,28,202.2,83,447,1732,3.87,16,144.3,85,45,45,0,0,9,0,342,28.5,116,30,29,0,0,10,0,239,19.9,93,30,193,2.50,105,45,24,240,57,4.8,28,377:06,31:26,111,6,6,12,6,12,18,-6,-0.50
83,84,Houston (Big 12),12,4-8,767,4322,5.63,34,360.2,112,851,5087,5.98,48,50,423.9,90,156,57,0.365,127,78,161,0.484,125,7,27,0.259,119,14,22,0.636,56,68,590,49.17,103,119,143,12,274,103,119,143,12,274,107,24,21,546,1,22.75,107,24,21,546,1,22.75,52,408,261,13,2898,7.10,11.10,24,241.5,114,263,384,3064,21,7.98,11.65,255.3,29,11,55,1,5.00,29,11,55,1,5.00,49,49,25,9,6,40,0.816,105,35,8,13,6,27,0.771,98,467,2023,4.33,27,168.6,102,359,1424,3.97,10,118.7,105,50,44,2,0,10,0,378,31.5,88,37,34,1,0,8,1,284,23.7,81,27,184,2.25,75,55,22,253,66,5.5,115,335:47,27:59,74,5,9,14,2,13,15,-1,-0.08
84,85,Marshall (Sun Belt),13,6-7,878,4660,5.31,33,358.5,60,890,4895,5.50,43,45,376.5,119,179,56,0.313,19,61,188,0.324,127,6,25,0.240,29,12,28,0.429,96,84,757,58.23,45,94,124,23,241,45,94,124,23,241,32,19,34,335,0,17.63,32,19,34,335,0,17.63,61,426,268,18,2940,6.90,10.97,12,226.2,62,249,423,2873,23,6.79,11.54,221.0,104,30,351,2,11.70,104,30,351,2,11.70,9,50,12,11,14,37,0.740,117,42,15,7,9,31,0.738,78,467,2022,4.33,20,155.5,93,452,1720,3.81,21,132.3,90,45,44,1,0,19,0,373,28.7,102,37,36,0,0,12,1,296,22.8,105,36,249,2.77,23,63,48,343,87,6.7,76,382:42,29:26,126,5,13,18,11,18,29,-11,-0.85
85,86,Massachusetts (FBS Independent),12,3-9,738,4275,5.79,33,356.2,114,754,5124,6.80,54,61,427.0,89,150,55,0.367,118,59,130,0.454,128,3,13,0.231,45,7,15,0.467,128,96,851,70.92,87,127,100,36,263,87,127,100,36,263,126,34,18,857,1,25.21,126,34,18,857,1,25.21,79,348,212,11,2569,7.38,12.12,14,214.1,36,162,286,2474,24,8.65,15.27,206.2,129,18,351,2,19.50,129,18,351,2,19.50,78,46,19,11,9,39,0.848,73,30,12,5,8,25,0.833,127,468,2650,5.66,30,220.8,84,390,1706,4.37,19,142.2,130,61,55,0,0,11,0,454,37.8,95,35,27,4,0,11,0,278,23.2,74,26,190,2.17,113,39,30,201,54,4.5,73,354:31,29:33,74,8,8,16,6,11,17,-1,-0.08
86,87,Southern Miss. (Sun Belt),12,3-9,848,4241,5.00,31,353.4,109,749,5049,6.74,51,56,420.8,73,187,71,0.380,55,55,145,0.379,100,11,26,0.423,54,9,18,0.500,51,75,578,48.17,37,101,123,13,237,37,101,123,13,237,122,35,15,858,2,24.51,122,35,15,858,2,24.51,101,363,188,8,2288,6.30,12.17,15,190.7,96,189,325,2904,23,8.94,15.37,242.0,79,13,111,0,8.54,79,13,111,0,8.54,101,47,20,13,8,41,0.872,72,43,11,10,15,36,0.837,111,424,2145,5.06,28,178.8,58,485,1953,4.03,16,162.8,125,56,53,2,0,12,0,429,35.8,95,33,29,0,0,17,0,278,23.2,106,34,250,2.83,105,38,38,211,57,4.8,6,398:19,33:12,46,8,9,17,7,8,15,2,0.17
87,88,Hawaii (Mountain West),13,5-8,862,4582,5.32,33,352.5,72,812,5009,6.17,50,53,385.3,82,183,68,0.372,117,76,168,0.452,69,16,32,0.500,37,9,20,0.450,85,80,733,56.38,83,118,115,28,261,83,118,115,28,261,111,12,33,275,1,22.92,111,12,33,275,1,22.92,26,537,337,15,3593,6.69,10.66,27,276.4,49,204,331,2787,24,8.42,13.66,214.4,81,16,139,0,8.69,81,16,139,0,8.69,41,47,16,11,11,38,0.809,111,45,6,19,9,34,0.756,102,481,2222,4.62,26,170.9,129,325,989,3.04,6,76.1,109,53,49,2,0,16,0,419,32.2,106,34,30,1,0,14,0,278,21.4,110,39,265,3.00,91,53,30,262,68,5.2,71,385:15,29:38,124,6,7,13,8,15,23,-10,-0.77
88,89,Stanford (Pac-12),12,3-9,838,4219,5.03,26,351.6,129,843,5540,6.57,61,63,461.7,95,183,66,0.361,130,79,154,0.513,121,9,27,0.333,113,13,21,0.619,101,77,709,59.08,127,126,158,19,303,127,126,158,19,303,50,10,45,188,0,18.80,50,10,45,188,0,18.80,57,425,233,10,2796,6.58,12.00,11,233.0,130,280,423,3576,32,8.45,12.77,298.0,89,16,150,1,9.38,89,16,150,1,9.38,46,54,22,19,3,44,0.815,34,35,15,3,13,31,0.886,91,420,1964,4.68,29,163.7,103,413,1423,3.45,15,118.6,129,62,58,2,0,4,0,446,37.2,110,26,22,0,0,23,0,247,20.6,118,41,234,3.42,116,41,24,241,53,4.4,32,375:26,31:17,95,3,8,11,5,10,15,-4,-0.33
89,90,Auburn (SEC),13,6-7,830,4566,5.50,40,351.2,45,822,4643,5.65,34,36,357.2,114,164,54,0.329,16,52,164,0.317,69,13,26,0.500,83,15,27,0.556,33,71,570,43.85,23,107,105,11,223,23,107,105,11,223,103,17,33,381,0,22.41,103,17,33,381,0,22.41,121,317,189,13,2109,6.65,11.16,18,162.2,31,212,359,2628,19,7.32,12.40,202.2,32,14,74,0,5.29,32,14,74,0,5.29,31,44,14,10,11,35,0.795,73,42,17,10,8,35,0.833,76,463,2015,4.35,15,155.0,23,513,2457,4.79,22,189.0,41,36,34,1,0,14,0,294,22.6,71,43,41,1,0,13,0,340,26.2,101,34,178,2.62,48,65,24,305,77,5.9,86,378:53,29:09,78,6,12,18,7,13,20,-2,-0.15
90,91,NC State (ACC),13,9-4,857,4555,5.32,38,350.4,29,800,4317,5.40,33,34,332.1,59,187,75,0.401,3,47,169,0.278,37,9,15,0.600,90,12,21,0.571,44,75,602,46.31,20,78,124,19,221,20,78,124,19,221,120,17,40,415,0,24.41,120,17,40,415,0,24.41,100,379,224,12,2521,6.65,11.25,19,193.9,52,238,421,2803,20,6.66,11.78,215.6,63,16,121,0,7.56,63,16,121,0,7.56,59,34,9,12,7,28,0.824,77,46,15,13,10,38,0.826,23,379,1514,3.99,13,116.5,66,478,2034,4.26,19,156.5,24,34,31,1,0,11,0,270,20.8,74,41,39,0,0,18,0,339,26.1,51,24,155,1.85,53,51,50,339,76,5.8,13,421:47,32:27,13,7,17,24,3,12,15,9,0.69
91,92,Utah (Pac-12),13,8-5,890,4529,5.09,34,348.4,13,766,3993,5.21,30,32,307.2,50,196,81,0.413,8,49,166,0.295,104,12,29,0.414,24,10,24,0.417,21,65,541,41.62,5,56,126,17,199,5,56,126,17,199,109,32,23,730,0,22.81,109,32,23,730,0,22.81,117,328,189,11,2156,6.57,11.41,15,165.8,65,246,421,2917,17,6.93,11.86,224.4,84,16,143,1,8.94,84,16,143,1,8.94,28,32,11,8,6,25,0.781,81,48,14,11,14,39,0.812,4,345,1076,3.12,13,82.8,33,562,2373,4.22,19,182.5,19,32,28,1,0,9,1,251,19.3,98,36,35,1,0,16,0,301,23.2,56,25,195,1.92,57,57,36,371,75,5.8,1,442:54,34:04,47,7,8,15,2,11,13,2,0.15
92,93,Old Dominion (Sun Belt),13,6-7,835,4526,5.42,35,348.2,82,977,5099,5.22,41,43,392.2,84,186,69,0.371,54,75,199,0.377,124,7,26,0.269,67,14,27,0.519,110,84,794,61.08,122,105,154,31,290,122,105,154,31,290,102,35,24,784,0,22.40,102,35,24,784,0,22.40,99,361,204,11,2532,7.01,12.41,20,194.8,108,294,448,3257,28,7.27,11.08,250.5,106,19,223,1,11.74,106,19,223,1,11.74,34,54,12,18,13,43,0.796,122,36,9,9,8,26,0.722,44,529,1842,3.48,13,141.7,74,474,1994,4.21,15,153.4,71,43,41,1,0,16,2,353,27.2,86,38,36,1,0,14,1,310,23.8,130,62,366,4.77,39,47,64,348,79,6.1,129,322:39,24:49,38,10,11,21,7,11,18,3,0.23
93,94,Duke (ACC),13,8-5,805,4525,5.62,40,348.1,41,890,4585,5.15,26,27,352.7,88,163,60,0.368,57,70,183,0.383,37,12,20,0.600,16,11,28,0.393,37,73,583,44.85,88,111,138,15,264,88,111,138,15,264,71,28,27,563,1,20.11,71,28,27,563,1,20.11,110,357,200,8,2351,6.59,11.76,14,180.8,41,260,417,2740,11,6.57,10.54,210.8,14,18,54,0,3.00,14,18,54,0,3.00,10,43,13,7,12,32,0.744,56,43,17,10,10,37,0.860,45,473,1845,3.90,15,141.9,56,448,2174,4.85,26,167.2,16,27,24,2,0,19,0,247,19.0,66,42,38,3,0,18,0,350,26.9,24,17,88,1.31,31,52,58,307,81,6.2,92,376:55,29:00,66,5,10,15,7,8,15,0,0.00
94,95,Ohio (MAC),13,10-3,868,4524,5.21,34,348.0,4,738,3556,4.82,23,24,273.5,17,184,84,0.457,13,49,161,0.304,69,8,16,0.500,52,15,31,0.484,68,73,673,51.77,3,67,97,22,186,3,67,97,22,186,35,46,13,816,0,17.74,35,46,13,816,0,17.74,93,383,239,9,2647,6.91,11.08,16,203.6,14,234,372,2371,14,6.37,10.13,182.4,126,11,169,0,15.36,126,11,169,0,15.36,12,32,8,7,9,24,0.750,64,52,17,11,16,44,0.846,7,366,1185,3.24,9,91.2,82,485,1877,3.87,18,144.4,6,24,23,0,0,13,0,206,15.8,82,37,35,1,0,19,0,316,24.3,15,15,96,1.15,10,66,60,363,96,7.4,3,434:19,33:25,10,8,15,23,4,9,13,10,0.77
95,96,Central Mich. (MAC),12,5-7,780,4129,5.29,36,344.1,98,771,4885,6.34,44,47,407.1,107,166,57,0.343,46,57,155,0.368,10,16,23,0.696,54,12,24,0.500,95,80,697,58.08,49,101,120,21,242,49,101,120,21,242,72,23,25,465,0,20.22,72,23,25,465,0,20.22,107,325,183,11,2216,6.82,12.11,15,184.7,102,223,360,2967,20,8.24,13.30,247.2,69,18,146,0,8.11,69,18,146,0,8.11,125,40,22,8,7,37,0.925,70,37,18,9,4,31,0.838,83,411,1918,4.67,24,159.8,62,455,1913,4.20,21,159.4,104,47,42,2,0,15,0,373,31.1,95,37,31,1,1,7,0,276,23.2,74,26,168,2.17,105,44,26,205,57,4.8,61,362:31,30:13,119,3,5,8,5,11,16,-8,-0.67
96,97,Syracuse (ACC),13,6-7,845,4463,5.28,37,343.3,65,925,4947,5.35,37,39,380.5,63,176,69,0.392,84,80,197,0.406,69,10,20,0.500,45,14,30,0.467,112,95,801,61.62,109,122,126,30,278,109,122,126,30,278,47,4,56,75,0,18.75,47,4,56,75,0,18.75,114,316,192,15,2223,7.03,11.58,17,171.0,78,269,425,3021,21,7.11,11.23,232.4,122,20,284,0,14.20,122,20,284,0,14.20,17,50,12,11,15,38,0.760,102,41,14,10,8,32,0.780,59,500,1926,3.85,16,148.2,47,529,2240,4.23,20,172.3,56,39,35,1,0,19,1,330,25.4,90,40,36,0,0,10,0,306,23.5,86,30,167,2.31,39,59,40,296,79,6.1,111,367:48,28:18,78,13,9,22,9,15,24,-2,-0.15
97,98,Kentucky (SEC),13,7-6,714,4413,6.18,43,339.5,43,880,4596,5.22,39,39,353.5,74,137,52,0.380,104,80,185,0.432,130,2,10,0.200,109,11,18,0.611,64,79,661,50.85,89,98,148,19,265,89,98,148,19,265,121,23,43,562,0,24.43,121,23,43,562,0,24.43,83,375,211,12,2751,7.34,13.04,25,211.6,92,291,430,3126,20,7.27,10.74,240.5,50,10,65,0,6.50,50,10,65,0,6.50,118,47,17,12,14,43,0.915,84,42,11,18,5,34,0.810,17,450,1470,3.27,19,113.1,95,339,1662,4.90,18,127.8,60,39,34,4,0,20,0,336,25.8,56,50,48,0,0,10,0,378,29.1,43,22,156,1.69,24,72,26,369,85,6.5,118,359:07,27:37,78,7,11,18,8,12,20,-2,-0.15
98,99,Indiana (Big Ten),12,3-9,800,3994,4.99,31,332.8,85,813,4729,5.82,43,45,394.1,80,168,63,0.375,38,57,158,0.361,113,10,27,0.370,71,10,19,0.526,62,65,607,50.58,62,108,123,21,252,62,108,123,21,252,100,19,24,421,0,22.16,100,19,24,421,0,22.16,82,367,215,10,2553,6.96,11.87,18,212.8,86,222,365,2854,25,7.82,12.86,237.8,55,21,149,1,7.10,55,21,149,1,7.10,108,45,14,14,12,40,0.889,78,33,11,10,6,27,0.818,80,448,1875,4.19,18,156.2,100,433,1441,3.33,13,120.1,98,45,39,0,0,16,1,359,29.9,103,33,31,2,0,11,0,266,22.2,68,25,197,2.08,42,60,24,266,72,6.0,77,353:07,29:26,101,3,10,13,8,10,18,-5,-0.42
99,100,Fla. Atlantic (AAC),12,4-8,781,3969,5.08,35,330.8,90,889,4768,5.36,35,37,397.3,109,168,57,0.339,41,65,178,0.365,109,13,34,0.382,54,19,38,0.500,7,41,400,33.33,89,109,140,16,265,89,109,140,16,265,92,12,35,259,0,21.58,92,12,35,259,0,21.58,76,412,265,15,2586,6.28,9.76,19,215.5,103,263,412,2977,23,7.23,11.32,248.1,112,16,195,0,12.19,112,16,195,0,12.19,72,43,12,15,9,36,0.837,110,41,14,11,6,31,0.756,64,477,1791,3.75,12,149.2,108,369,1383,3.75,16,115.2,57,37,34,0,0,16,1,306,25.5,87,38,37,1,0,6,0,285,23.8,93,30,212,2.50,12,69,36,304,87,7.2,124,325:03,27:05,54,8,10,18,2,15,17,1,0.08
100,101,Mississippi St. (SEC),12,5-7,749,3943,5.26,27,328.6,40,789,4207,5.33,35,39,350.6,122,159,49,0.308,28,57,167,0.341,103,10,24,0.417,90,16,28,0.571,88,75,682,56.83,18,98,103,19,220,18,98,103,19,220,97,19,33,418,1,22.00,97,19,33,418,1,22.00,109,348,201,10,2182,6.27,10.86,15,181.8,34,231,340,2456,21,7.22,10.63,204.7,53,9,63,0,7.00,53,9,63,0,7.00,119,36,13,11,9,33,0.917,91,39,10,10,11,31,0.795,51,449,1751,3.90,14,145.9,79,401,1761,4.39,12,146.8,66,39,37,0,0,16,0,319,26.6,105,30,29,1,0,17,0,262,21.8,74,26,158,2.17,68,47,40,290,67,5.6,96,344:47,28:44,85,5,7,12,4,10,14,-2,-0.17
101,102,Wake Forest (ACC),12,4-8,789,3933,4.98,27,327.8,74,794,4640,5.84,37,40,386.7,108,161,55,0.342,81,70,174,0.402,101,8,19,0.421,117,12,19,0.632,12,49,466,38.83,26,91,119,14,224,26,91,119,14,224,83,16,36,339,0,21.19,83,16,36,339,0,21.19,98,321,194,11,2368,7.38,12.21,14,197.3,77,218,354,2788,24,7.88,12.79,232.3,20,16,71,0,4.44,20,16,71,0,4.44,21,39,10,10,10,30,0.769,103,45,12,9,14,35,0.778,73,440,1852,4.21,13,154.3,94,468,1565,3.34,13,130.4,70,40,39,0,0,15,0,324,27.0,113,29,22,1,0,15,0,243,20.2,128,49,276,4.08,54,51,38,238,70,5.8,88,349:04,29:05,111,8,8,16,11,11,22,-6,-0.50
102,103,Wyoming (Mountain West),13,9-4,772,4251,5.51,39,327.0,47,886,4651,5.25,30,32,357.8,87,152,56,0.368,111,85,191,0.445,14,6,9,0.667,87,13,23,0.565,8,51,434,33.38,74,102,143,13,258,74,102,143,13,258,101,22,30,488,0,22.18,101,22,30,488,0,22.18,115,304,189,6,2191,7.21,11.59,20,168.5,47,253,433,2772,18,6.40,10.96,213.2,78,12,102,0,8.50,78,12,102,0,8.50,82,47,10,15,15,40,0.851,42,40,13,13,9,35,0.875,49,453,1879,4.15,12,144.5,63,468,2060,4.40,19,158.5,36,32,26,2,0,22,1,290,22.3,78,40,38,2,1,13,0,327,25.3,71,28,177,2.15,110,47,26,255,60,4.6,60,392:59,30:14,5,11,11,22,5,6,11,11,0.85
103,104,UConn (FBS Independent),12,3-9,776,3923,5.06,27,326.9,95,798,4878,6.11,41,46,406.5,100,166,59,0.355,101,66,154,0.429,110,8,21,0.381,54,9,18,0.500,77,74,660,55.00,76,94,140,25,259,76,94,140,25,259,87,22,20,469,0,21.32,87,22,20,469,0,21.32,102,381,219,7,2284,5.99,10.43,12,190.3,118,256,378,3106,19,8.22,12.13,258.8,95,23,235,0,10.22,95,23,235,0,10.22,31,44,18,7,10,35,0.795,101,32,11,6,8,25,0.781,55,420,1772,4.22,22,147.7,89,395,1639,4.15,15,136.6,96,46,43,0,0,13,0,358,29.8,118,29,23,1,0,10,0,229,19.1,9,12,93,1.00,54,59,22,244,70,5.8,33,375:10,31:16,95,7,6,13,10,7,17,-4,-0.33
104,105,Arkansas (SEC),12,4-8,795,3918,4.93,31,326.5,46,755,4286,5.68,36,40,357.2,71,175,67,0.383,52,59,158,0.373,28,10,16,0.625,54,6,12,0.500,80,76,665,55.42,29,100,103,23,226,29,100,103,23,226,114,9,55,209,0,23.22,114,9,55,209,0,23.22,105,323,207,8,2250,6.97,10.87,22,187.5,32,192,318,2433,23,7.65,12.67,202.8,128,18,345,2,19.17,128,18,345,2,19.17,111,47,11,16,15,42,0.894,15,37,6,17,11,34,0.919,74,437,1853,4.24,13,154.4,86,472,1668,3.53,9,139.0,77,40,38,0,0,19,0,335,27.9,67,37,33,2,0,20,0,319,26.6,126,47,338,3.92,30,55,40,305,75,6.2,45,368:48,30:44,74,5,12,17,10,8,18,-1,-0.08
105,106,San Diego St. (Mountain West),12,4-8,773,3912,5.06,26,326.0,97,794,4883,6.15,37,38,406.9,102,173,61,0.353,92,63,152,0.414,51,13,23,0.565,72,9,17,0.529,34,59,528,44.00,62,113,121,18,252,62,113,121,18,252,96,27,18,590,0,21.85,96,27,18,590,0,21.85,113,319,202,10,2061,6.46,10.20,10,171.8,93,222,392,2894,16,7.38,13.04,241.2,18,13,50,0,3.85,18,13,50,0,3.85,113,39,18,7,10,35,0.897,100,37,13,6,10,29,0.784,93,402,1989,4.95,21,165.8,71,454,1851,4.08,16,154.2,69,38,34,3,0,17,1,321,26.8,111,27,25,0,0,19,1,246,20.5,60,24,144,2.00,127,38,20,180,48,4.0,10,391:57,32:40,54,6,12,18,7,10,17,1,0.08
106,107,Bowling Green (MAC),13,7-6,787,4237,5.38,39,325.9,25,809,4239,5.24,37,40,326.1,112,156,52,0.333,58,59,154,0.383,37,15,25,0.600,52,15,31,0.484,108,90,792,60.92,52,122,104,20,246,52,122,104,20,246,60,46,10,886,0,19.26,60,46,10,886,0,19.26,104,358,214,14,2449,6.84,11.44,17,188.4,12,202,340,2338,21,6.88,11.57,179.8,72,14,114,0,8.14,72,14,114,0,8.14,76,38,14,11,7,32,0.842,45,47,21,9,11,41,0.872,53,469,1901,4.05,16,146.2,88,429,1788,4.17,22,137.5,51,40,34,1,0,12,0,312,24.0,71,42,43,0,0,13,0,340,26.2,71,28,214,2.15,95,52,30,361,67,5.2,54,395:46,30:27,13,11,17,28,5,14,19,9,0.69
107,108,Miami (OH) (MAC),14,11-3,796,4529,5.69,39,323.5,26,933,4625,4.96,24,25,330.4,94,166,60,0.361,9,57,192,0.297,122,4,13,0.308,33,14,32,0.438,13,66,547,39.07,70,108,123,24,255,70,108,123,24,255,46,17,57,317,0,18.65,46,17,57,317,0,18.65,118,293,165,7,2316,7.90,14.04,16,165.4,27,249,424,2774,12,6.54,11.14,198.1,7,20,26,0,1.30,7,20,26,0,1.30,7,42,11,8,12,31,0.738,14,51,18,8,21,47,0.922,34,509,1851,3.64,12,132.2,64,503,2213,4.40,23,158.1,8,25,17,4,0,16,0,223,15.9,77,40,38,0,0,27,0,359,25.6,48,25,149,1.79,87,58,32,339,74,5.3,66,416:37,29:45,66,6,11,17,10,7,17,0,0.00
108,109,Arizona St. (Pac-12),12,3-9,814,3867,4.75,25,322.2,89,800,4762,5.95,44,46,396.8,117,170,54,0.318,88,66,161,0.410,85,18,38,0.474,90,12,21,0.571,66,68,617,51.42,60,91,140,19,250,60,91,140,19,250,16,15,24,246,0,16.40,16,15,24,246,0,16.40,86,440,243,14,2524,5.74,10.39,8,210.3,120,271,419,3160,28,7.54,11.66,263.3,103,13,148,1,11.38,103,13,148,1,11.38,46,54,12,17,15,44,0.815,21,32,17,2,10,29,0.906,36,381,1602,4.20,16,133.5,111,374,1343,3.59,17,111.9,107,46,44,1,0,20,0,382,31.8,121,25,20,5,0,11,0,213,17.8,93,30,166,2.50,81,46,38,316,65,5.4,58,363:19,30:17,127,4,5,9,6,14,20,-11,-0.92
109,110,ULM (Sun Belt),12,2-10,760,3851,5.07,22,320.9,126,887,5350,6.03,49,52,445.8,116,173,56,0.324,129,89,175,0.509,119,9,26,0.346,90,8,14,0.571,73,71,643,53.58,126,121,153,24,298,126,121,153,24,298,48,17,24,319,0,18.76,48,17,24,319,0,18.76,112,345,177,13,2098,6.08,11.85,15,174.8,122,257,397,3299,28,8.31,12.84,274.9,38,18,106,0,5.89,38,18,106,0,5.89,90,55,18,16,13,47,0.855,130,37,5,10,8,23,0.622,101,490,2051,4.19,21,170.9,80,415,1753,4.22,7,146.1,122,52,50,0,0,19,0,419,34.9,124,25,21,2,0,11,0,208,17.3,109,35,208,2.92,38,53,40,261,73,6.1,123,326:33,27:13,54,8,11,19,5,13,18,1,0.08
110,111,FIU (CUSA),12,4-8,763,3835,5.03,29,319.6,119,876,5240,5.98,43,46,436.7,129,169,48,0.284,83,68,168,0.405,82,16,33,0.485,80,11,20,0.550,62,70,607,50.58,102,117,137,19,273,102,117,137,19,273,85,27,19,575,0,21.30,85,27,19,575,0,21.30,58,383,220,12,2752,7.19,12.51,12,229.3,98,241,389,2950,26,7.58,12.24,245.8,11,14,26,0,1.86,11,14,26,0,1.86,51,44,11,12,13,36,0.818,103,36,13,8,7,28,0.778,121,487,2290,4.70,17,190.8,124,380,1083,2.85,17,90.2,107,46,41,0,0,21,1,382,31.8,115,31,26,1,0,9,0,241,20.1,124,46,310,3.83,42,57,30,227,72,6.0,125,324:57,27:05,121,6,6,12,9,12,21,-9,-0.75
111,112,Vanderbilt (SEC),12,2-10,739,3827,5.18,33,318.9,128,834,5459,6.55,49,54,454.9,113,157,52,0.331,124,77,164,0.470,123,8,27,0.296,125,10,14,0.714,22,59,510,42.50,99,102,151,16,269,99,102,151,16,269,94,25,22,544,0,21.76,94,25,22,544,0,21.76,64,390,217,12,2684,6.88,12.37,23,223.7,126,290,421,3355,26,7.97,11.57,279.6,93,16,160,1,10.00,93,16,160,1,10.00,124,53,16,14,19,49,0.925,107,34,9,13,4,26,0.765,104,413,2104,5.09,23,175.3,122,349,1143,3.28,10,95.2,126,54,50,0,0,20,0,434,36.2,101,36,29,3,0,7,1,274,22.8,81,27,175,2.25,75,51,30,250,66,5.5,97,344:46,28:44,90,4,12,16,7,12,19,-3,-0.25
112,113,Buffalo (MAC),12,3-9,829,3825,4.61,29,318.8,53,760,4405,5.80,37,40,367.1,106,183,63,0.344,25,53,158,0.335,116,15,41,0.366,109,11,18,0.611,20,58,499,41.58,14,99,103,13,215,14,99,103,13,215,90,17,32,364,1,21.41,90,17,32,364,1,21.41,106,394,212,11,2222,5.64,10.48,14,185.2,21,207,327,2246,18,6.87,10.85,187.2,48,17,110,1,6.47,48,17,110,1,6.47,114,42,12,12,14,38,0.905,125,38,15,10,2,27,0.711,112,433,2159,4.99,19,179.9,92,435,1603,3.69,15,133.6,74,40,38,0,0,17,0,329,27.4,109,31,26,2,1,11,0,249,20.9,27,16,77,1.33,51,54,34,233,71,5.9,59,362:58,30:15,54,8,11,19,7,11,18,1,0.08
113,114,Pittsburgh (ACC),12,3-9,716,3815,5.33,27,317.9,49,810,4339,5.36,36,41,361.6,118,148,47,0.318,48,59,160,0.369,69,10,20,0.500,50,12,25,0.480,119,94,773,64.42,43,101,109,30,240,43,101,109,30,240,30,9,37,158,0,17.56,30,9,37,158,0,17.56,75,360,192,12,2592,7.20,13.50,17,216.0,42,197,317,2537,16,8.00,12.88,211.4,105,21,246,2,11.71,105,21,246,2,11.71,10,43,16,10,6,32,0.744,38,25,8,8,6,22,0.880,66,493,1802,3.66,20,150.2,120,356,1223,3.44,10,101.9,73,41,40,0,0,14,0,328,27.3,114,30,29,0,0,11,0,242,20.2,55,23,205,1.92,19,69,28,354,83,6.9,119,331:25,27:37,101,6,10,16,9,12,21,-5,-0.42
114,115,Charlotte (AAC),12,3-9,792,3753,4.74,23,312.8,59,769,4490,5.84,39,40,374.2,130,169,40,0.237,67,63,160,0.394,60,19,35,0.543,84,9,16,0.562,102,85,712,59.33,31,100,103,26,229,31,100,103,26,229,81,17,21,356,0,20.94,81,17,21,356,0,20.94,116,328,186,16,2013,6.14,10.82,7,167.8,45,214,340,2552,20,7.51,11.93,212.7,82,28,247,0,8.82,82,28,247,0,8.82,82,47,15,9,16,40,0.851,124,35,13,4,8,25,0.714,87,429,1938,4.52,19,161.5,81,464,1740,3.75,16,145.0,88,40,36,2,0,21,0,343,28.6,123,25,21,2,0,11,1,210,17.5,99,31,244,2.58,93,48,28,224,62,5.2,15,387:42,32:19,101,6,11,17,6,16,22,-5,-0.42
115,115,Nebraska (Big Ten),12,5-7,739,3753,5.08,26,312.8,11,788,3642,4.62,23,24,303.5,75,153,58,0.379,44,66,180,0.367,69,8,16,0.500,15,9,23,0.391,25,61,513,42.75,5,66,117,16,199,5,66,117,16,199,42,16,19,291,0,18.19,42,16,19,291,0,18.19,126,261,136,16,1631,6.25,11.99,10,135.9,40,245,412,2527,14,6.13,10.31,210.6,64,19,144,0,7.58,64,19,144,0,7.58,48,38,8,8,15,31,0.816,127,29,10,4,6,20,0.690,8,376,1115,2.97,9,92.9,38,478,2122,4.44,16,176.8,13,24,20,2,0,17,0,219,18.2,120,26,27,0,0,9,0,216,18.0,93,30,181,2.50,28,47,58,326,76,6.3,43,370:45,30:54,129,5,9,14,15,16,31,-17,-1.42
116,117,Army West Point (FBS Independent),12,6-6,738,3730,5.05,26,310.8,51,743,4370,5.88,31,31,364.2,77,156,59,0.378,79,63,157,0.401,44,20,34,0.588,34,11,25,0.440,9,48,440,36.67,20,102,103,16,221,20,102,103,16,221,31,10,37,176,0,17.60,31,10,37,176,0,17.60,129,164,83,11,1234,7.52,14.87,7,102.8,23,190,310,2255,16,7.27,11.87,187.9,39,11,68,0,6.18,39,11,68,0,6.18,20,34,11,5,10,26,0.765,99,33,16,3,7,26,0.788,106,433,2115,4.88,15,176.2,7,574,2496,4.35,19,208.0,31,31,25,2,0,12,1,253,21.1,111,30,28,1,0,12,0,246,20.5,17,14,79,1.17,118,38,28,216,52,4.3,14,388:19,32:22,90,10,9,19,11,11,22,-3,-0.25
117,118,BYU (Big 12),12,5-7,756,3717,4.92,32,309.8,106,847,5012,5.92,39,45,417.7,128,158,45,0.285,116,78,173,0.451,69,13,26,0.500,12,8,22,0.364,27,64,516,43.00,79,109,134,17,260,79,109,134,17,260,59,17,34,327,0,19.24,59,17,34,327,0,19.24,90,396,220,9,2465,6.22,11.20,17,205.4,91,250,408,2880,21,7.06,11.52,240.0,121,25,343,2,13.72,121,25,343,2,13.72,62,46,15,11,12,38,0.826,82,37,13,10,7,30,0.811,109,439,2132,4.86,18,177.7,118,360,1252,3.48,15,104.3,96,45,41,1,0,15,0,358,29.8,99,35,32,1,0,11,0,277,23.1,38,19,139,1.58,123,28,46,171,51,4.2,109,339:53,28:19,54,6,14,20,10,9,19,1,0.08
118,119,Ball St. (MAC),12,4-8,777,3697,4.76,24,308.1,17,732,3790,5.18,32,35,315.8,78,167,63,0.377,30,52,150,0.347,55,10,18,0.556,103,12,20,0.600,39,62,542,45.17,17,78,114,24,216,17,78,114,24,216,123,32,13,790,1,24.69,123,32,13,790,1,24.69,125,304,180,9,1639,5.39,9.11,9,136.6,33,215,357,2451,17,6.87,11.40,204.2,116,20,263,1,13.15,116,20,263,1,13.15,54,39,11,10,11,32,0.821,70,37,12,7,12,31,0.838,14,375,1339,3.57,15,111.6,52,473,2058,4.35,15,171.5,53,35,35,0,0,16,0,293,24.4,119,25,24,0,0,15,0,219,18.2,74,26,174,2.17,59,52,34,263,69,5.8,22,382:12,31:51,101,6,5,11,7,9,16,-5,-0.42
119,120,Rutgers (Big Ten),13,7-6,811,3981,4.91,34,306.2,16,817,4075,4.99,32,35,313.5,86,168,62,0.369,66,66,169,0.391,25,16,25,0.640,66,15,29,0.517,38,66,587,45.15,40,117,98,24,239,40,117,98,24,239,10,14,40,222,0,15.86,10,14,40,222,0,15.86,124,294,142,8,1788,6.08,12.59,10,137.5,10,223,373,2292,16,6.14,10.28,176.3,41,4,25,0,6.25,41,4,25,0,6.25,15,45,16,11,7,34,0.756,54,44,20,8,10,38,0.864,41,444,1783,4.02,16,137.2,55,517,2193,4.24,24,168.7,32,35,33,0,0,11,0,276,21.2,94,37,33,1,0,15,0,302,23.2,11,14,86,1.08,127,42,20,195,52,4.0,24,413:13,31:47,30,9,9,18,5,8,13,5,0.38
120,121,Northwestern (Big Ten),13,8-5,847,3951,4.66,34,303.9,35,862,4430,5.14,35,36,340.8,53,191,78,0.408,73,73,184,0.397,129,3,14,0.214,54,13,26,0.500,23,69,554,42.62,40,118,107,14,239,40,118,107,14,239,26,39,11,660,0,16.92,26,39,11,660,0,16.92,94,389,241,8,2626,6.75,10.90,20,202.0,15,232,358,2378,15,6.64,10.25,182.9,9,14,22,0,1.57,9,14,22,0,1.57,31,44,17,11,7,35,0.795,41,41,12,13,11,36,0.878,81,504,2052,4.07,20,157.8,119,458,1325,2.89,14,101.9,40,36,31,2,0,14,0,293,22.5,104,35,33,0,0,14,1,287,22.1,127,51,294,3.92,97,52,28,261,66,5.1,101,372:02,28:37,3,9,13,22,1,8,9,13,1.00
121,122,Minnesota (Big Ten),13,6-7,817,3912,4.79,29,300.9,54,805,4789,5.95,42,44,368.4,103,176,62,0.352,120,80,174,0.460,1,14,17,0.824,130,8,10,0.800,2,39,352,27.08,43,98,126,16,240,43,98,126,16,240,104,8,53,180,0,22.50,104,8,53,180,0,22.50,123,312,164,11,1864,5.97,11.37,16,143.4,59,244,391,2851,23,7.29,11.68,219.3,29,11,55,0,5.00,29,11,55,0,5.00,128,43,17,13,11,41,0.953,6,39,12,11,14,37,0.949,62,414,1938,4.68,19,149.1,65,505,2048,4.06,13,157.5,67,44,41,0,0,14,0,347,26.7,108,29,27,0,0,23,1,272,20.9,42,21,126,1.62,122,45,22,242,56,4.3,20,414:22,31:52,47,7,12,19,6,11,17,2,0.15
122,123,Navy (AAC),12,5-7,747,3603,4.82,26,300.2,44,768,4244,5.53,30,35,353.7,127,173,50,0.289,21,51,157,0.325,31,16,26,0.615,103,15,25,0.600,42,68,552,46.00,14,84,114,17,215,14,84,114,17,215,25,24,7,406,0,16.92,25,24,7,406,0,16.92,128,199,102,5,1268,6.37,12.43,10,105.7,67,225,345,2698,18,7.82,11.99,224.8,23,27,124,0,4.59,23,27,124,0,4.59,3,32,10,10,3,23,0.719,127,29,9,5,6,20,0.690,33,423,1546,3.65,12,128.8,17,548,2335,4.26,16,194.6,37,35,34,1,1,7,0,269,22.4,122,27,22,1,0,8,1,212,17.7,60,24,126,2.00,85,50,28,242,64,5.3,42,370:58,30:55,4,14,10,24,8,5,13,11,0.92
123,124,Nevada (Mountain West),12,2-10,788,3600,4.57,20,300.0,123,769,5302,6.89,47,50,441.8,124,171,52,0.304,94,61,147,0.415,98,10,23,0.435,109,11,18,0.611,98,81,702,58.50,64,108,124,21,253,64,108,124,21,253,40,13,29,236,0,18.15,40,13,29,236,0,18.15,111,345,191,12,2102,6.09,11.01,6,175.2,112,225,346,3049,24,8.81,13.55,254.1,37,19,111,0,5.84,37,19,111,0,5.84,74,44,16,11,10,37,0.841,88,35,14,2,12,28,0.800,117,423,2253,5.33,23,187.8,98,443,1498,3.38,14,124.8,114,50,48,1,0,17,0,401,33.4,124,23,19,2,0,15,1,208,17.3,118,41,247,3.42,118,42,20,177,52,4.3,57,363:59,30:20,95,7,9,16,8,12,20,-4,-0.33
124,125,Michigan St. (Big Ten),12,4-8,749,3472,4.64,21,289.3,76,806,4666,5.79,38,42,388.8,120,162,50,0.309,32,54,154,0.351,69,10,20,0.500,125,10,14,0.714,107,84,728,60.67,68,105,122,27,254,68,105,122,27,254,104,8,30,180,0,22.50,104,8,30,180,0,22.50,96,379,221,13,2398,6.33,10.85,14,199.8,86,226,366,2854,24,7.80,12.63,237.8,99,18,195,1,10.83,99,18,195,1,10.83,59,51,13,19,10,42,0.824,38,25,6,10,6,22,0.880,68,440,1812,4.12,14,151.0,125,370,1074,2.90,7,89.5,84,42,39,2,0,15,0,340,28.3,128,22,20,0,0,13,0,191,15.9,68,25,195,2.08,68,50,34,277,67,5.6,113,337:35,28:08,111,7,9,16,9,13,22,-6,-0.50
125,126,Akron (MAC),12,2-10,771,3343,4.34,22,278.6,31,776,4020,5.18,42,43,335.0,111,170,57,0.335,45,61,166,0.367,118,8,23,0.348,69,12,23,0.522,104,83,721,60.08,14,94,95,26,215,14,94,95,26,215,28,30,10,517,0,17.23,28,30,10,517,0,17.23,97,425,258,15,2371,5.58,9.19,10,197.6,22,186,333,2247,19,6.75,12.08,187.2,10,14,25,0,1.79,10,14,25,0,1.79,123,39,17,12,7,36,0.923,95,29,10,5,8,23,0.793,56,443,1773,4.00,23,147.8,128,346,972,2.81,12,81.0,78,43,36,3,0,12,0,336,28.0,127,24,24,0,0,9,0,195,16.2,124,46,351,3.83,42,49,46,282,72,6.0,74,354:31,29:33,121,6,6,12,6,15,21,-9,-0.75
126,127,East Carolina (AAC),12,2-10,773,3327,4.30,19,277.2,37,781,4096,5.24,32,33,341.3,121,175,54,0.309,77,70,175,0.400,119,9,26,0.346,9,6,18,0.333,76,70,658,54.83,11,74,113,25,212,11,74,113,25,212,41,22,20,400,0,18.18,41,22,20,400,0,18.18,120,388,208,14,1967,5.07,9.46,7,163.9,58,210,345,2630,19,7.62,12.52,219.2,59,16,117,0,7.31,59,16,117,0,7.31,19,42,11,9,12,32,0.762,78,33,11,6,10,27,0.818,29,436,1466,3.36,13,122.2,110,385,1360,3.53,12,113.3,37,33,29,0,0,14,0,269,22.4,124,22,20,1,0,18,0,208,17.3,99,31,179,2.58,17,56,56,287,84,7.0,98,344:10,28:41,101,10,6,16,7,14,21,-5,-0.42
127,128,Kent St. (MAC),12,1-11,746,3245,4.35,19,270.4,80,775,4687,6.05,52,55,390.6,125,171,51,0.298,126,75,158,0.475,90,12,26,0.462,75,8,15,0.533,43,65,554,46.17,37,105,109,23,237,37,105,109,23,237,78,25,11,523,1,20.92,78,25,11,523,1,20.92,119,305,160,6,1974,6.47,12.34,11,164.5,50,184,315,2574,21,8.17,13.99,214.5,91,22,217,0,9.86,91,22,217,0,9.86,102,48,27,10,5,42,0.875,64,26,6,4,12,22,0.846,105,460,2113,4.59,31,176.1,115,441,1271,2.88,8,105.9,119,55,53,1,0,10,0,415,34.6,130,19,17,0,0,15,0,176,14.7,118,41,256,3.42,118,39,26,198,52,4.3,95,345:41,28:48,90,3,6,9,6,6,12,-3,-0.25
128,129,Eastern Mich. (MAC),13,6-7,786,3416,4.35,28,262.8,92,900,5221,5.80,41,42,401.6,104,179,63,0.352,74,68,171,0.398,63,10,19,0.526,11,12,34,0.353,103,81,777,59.77,121,129,127,33,289,121,129,127,33,289,33,37,8,654,0,17.68,33,37,8,654,0,17.68,122,358,197,12,1976,5.52,10.03,10,152.0,46,228,387,2769,17,7.16,12.14,213.0,73,18,147,0,8.17,73,18,147,0,8.17,27,59,21,12,13,46,0.780,49,38,17,6,10,33,0.868,119,513,2452,4.78,24,188.6,112,428,1440,3.36,18,110.8,67,42,40,1,1,15,3,347,26.7,117,31,25,1,0,13,1,254,19.5,92,32,219,2.46,103,45,36,235,63,4.8,90,377:21,29:02,61,11,8,19,6,12,18,1,0.08
129,130,Iowa (Big Ten),14,10-4,834,3284,3.94,20,234.6,7,970,3955,4.08,18,20,282.5,126,204,60,0.294,15,71,227,0.313,69,7,14,0.500,96,14,24,0.583,5,51,433,30.93,32,97,117,16,230,32,97,117,16,230,8,7,41,109,0,15.57,8,7,41,109,0,15.57,127,348,170,11,1661,4.77,9.77,9,118.6,5,265,472,2390,11,5.06,9.02,170.7,67,29,224,0,7.72,67,29,224,0,7.72,16,33,7,8,10,25,0.758,88,35,8,6,14,28,0.800,15,498,1565,3.14,7,111.8,107,486,1623,3.34,11,115.9,4,20,19,1,0,22,0,207,14.8,129,22,19,1,0,19,3,216,15.4,84,32,241,2.29,84,63,24,271,75,5.4,105,399:39,28:33,111,5,10,15,11,11,22,-7,-0.50
130,Reclassifying,Reclassifying,Reclassifying,Reclassifying,Reclassifying,Reclassifying,Reclassifying,Reclassifying,Reclassifying,Reclassifying,Reclassifying,Reclassifying,Reclassifying,Reclassifying,Reclassifying,Reclassifying,Reclassifying,Reclassifying,Reclassifying,Reclassifying,Reclassifying,Reclassifying,Reclassifying,Reclassifying,Reclassifying,Reclassifying,Reclassifying,Reclassifying,Reclassifying,Reclassifying,Reclassifying,Reclassifying,Reclassifying,Reclassifying,Reclassifying,Reclassifying,Reclassifying,Reclassifying,Reclassifying,Reclassifying,Reclassifying,Reclassifying,Reclassifying,Reclassifying,Reclassifying,Reclassifying,Reclassifying,Reclassifying,Reclassifying,Reclassifying,Reclassifying,Reclassifying,Reclassifying,Reclassifying,Reclassifying,Reclassifying,Reclassifying,Reclassifying,Reclassifying,Reclassifying,Reclassifying,Reclassifying,Reclassifying,Reclassifying,Reclassifying,Reclassifying,Reclassifying,Reclassifying,Reclassifying,Reclassifying,Reclassifying,Reclassifying,Reclassifying,Reclassifying,Reclassifying,Reclassifying,Reclassifying,Reclassifying,Reclassifying,Reclassifying,Reclassifying,Reclassifying,Reclassifying,Reclassifying,Reclassifying,Reclassifying,Reclassifying,Reclassifying,Reclassifying,Reclassifying,Reclassifying,Reclassifying,Reclassifying,Reclassifying,Reclassifying,Reclassifying,Reclassifying,Reclassifying,Reclassifying,Reclassifying,Reclassifying,Reclassifying,Reclassifying,Reclassifying,Reclassifying,Reclassifying,Reclassifying,Reclassifying,Reclassifying,Reclassifying,Reclassifying,Reclassifying,Reclassifying,Reclassifying,Reclassifying,Reclassifying,Reclassifying,Reclassifying,Reclassifying,Reclassifying,Reclassifying,Reclassifying,Reclassifying,Reclassifying,Reclassifying,Reclassifying,Reclassifying,Reclassifying,Reclassifying,Reclassifying,Reclassifying,Reclassifying,Reclassifying,Reclassifying,Reclassifying,Reclassifying,Reclassifying,Reclassifying,Reclassifying,Reclassifying,Reclassifying,Reclassifying,Reclassifying,Reclassifying,Reclassifying,Reclassifying,Reclassifying,Reclassifying,Reclassifying,Reclassifying,Reclassifying
131,-,James Madison (Sun Belt),13,11-2,874,5446,6.23,53,418.9,-,875,4339,4.96,30,31,333.8,-,163,60,0.368,-,74,204,0.363,-,8,16,0.500,-,14,34,0.412,-,72,521,40.08,-,64,141,15,220,-,64,141,15,220,-,25,39,578,1,23.12,-,25,39,578,1,23.12,-,428,288,11,3702,8.65,12.85,36,284.8,-,278,459,3250,17,7.08,11.69,250.0,-,16,84,0,5.25,-,16,84,0,5.25,-,34,10,8,9,27,0.794,-,59,16,19,15,50,0.847,-,416,1089,2.62,13,83.8,-,446,1744,3.91,17,134.2,-,31,29,0,0,12,1,253,19.5,-,56,53,1,0,16,2,443,34.1,-,24,158,1.85,-,82,64,489,114,8.8,-,406:46,31:17,-,8,13,21,4,11,15,6,0.46
132,-,Jacksonville St. (CUSA),13,9-4,997,5300,5.32,47,407.7,-,951,4586,4.82,29,34,352.8,-,205,78,0.380,-,67,205,0.327,-,14,27,0.519,-,12,29,0.414,-,63,564,43.38,-,79,137,26,242,-,79,137,26,242,-,26,39,543,0,20.88,-,26,39,543,0,20.88,-,350,182,12,2223,6.35,12.21,12,171.0,-,252,431,3136,15,7.28,12.44,241.2,-,17,71,1,4.18,-,17,71,1,4.18,-,33,12,6,10,28,0.848,-,53,28,6,10,44,0.830,-,520,1450,2.79,14,111.5,-,647,3077,4.76,35,236.7,-,34,32,0,0,13,0,275,21.2,-,49,46,2,0,16,0,392,30.2,-,16,113,1.23,-,75,34,414,92,7.1,-,347:19,26:43,-,9,16,25,8,12,20,5,0.38
133,-,Sam Houston (CUSA),12,3-9,816,3737,4.58,28,311.4,-,805,4733,5.88,39,39,394.4,-,182,65,0.357,-,62,167,0.371,-,13,22,0.591,-,10,18,0.556,-,61,506,42.17,-,104,109,10,223,-,104,109,10,223,-,27,16,609,0,22.56,-,27,16,609,0,22.56,-,448,282,12,2670,5.96,9.47,15,222.5,-,235,364,2778,14,7.63,11.82,231.5,-,25,143,0,5.72,-,25,143,0,5.72,-,36,21,2,9,32,0.889,-,32,9,11,8,28,0.875,-,441,1955,4.43,25,162.9,-,368,1067,2.90,13,88.9,-,39,36,1,0,14,0,314,26.2,-,30,27,0,0,11,0,240,20.0,-,19,132,1.58,-,45,20,180,55,4.6,-,356:22,29:42,-,7,13,20,4,12,16,4,0.33
